,uid,project
0,1.0,nannannan
1,2.0,陪着你公益平台从项目立项到项目后期，项目组成员进行了对接测试、家长教师访谈和专业机构咨询这三样主要活动。国家级
2,3.0,nannannan
3,5.0,浅析国产科幻电影《流浪地球》火爆原因在《卷宗》期刊上发表一篇题目为《浅析国产科幻电影火爆原因》的论文，于2019年第04月（上）期刊用。省市级资产证券化优缺点及我国发展趋势分析在《创业圈.大经贸》期刊上发表一篇题目为《资产证券化优缺点及我国发展趋势分析》的论文，于2019年06月刊用。省市级魅力张家口之2022年冬奥会给张家口带来的变化调研形成一篇调研报告并获得优秀团队奖其他
4,6.0,nannannan
5,7.0,nannannan
6,9.0,大学生创新项目校级立项nannan云南民族大学暑期科研校级立项调查报告其他
7,11.0, 室内生态绿墙适宜植物筛选研究 适宜室内绿墙应用的观叶植物筛选.河北农业科学室内环境下5种绿墙植物的生长表现及叶绿素含量.南方农业省市级
8,12.0,nannannan
9,13.0,2019年调研河北社会调查活动立项省市级
10,14.0,餐厨垃圾资源化处理器在《现代农村科技》上发表“餐厨垃圾资源化处理器设计”。校科协科普创意作品大赛二等奖。其他河北农业大学2018年大学生和青年教师三下乡社会实践大学生和青年教师暑期“三下乡”社会实践活动“先进个人”其他
11,15.0,《人力资源管理操作实务》《人力资源管理操作实务》章节案例其他
12,16.0,nannannan
13,18.0,nannannan
14,19.0,nannannan
15,20.0,nannannan
16,21.0,nannannan
17,22.0,nannannan
18,23.0,院级大学生创新训练项目结项证书其他
19,24.0,基于TensorFlow框架的神经网络猫狗分类器实现使用CNN成功实现图片的分类其他基于QGIS的城市餐饮店铺选址分析与可视化，得到较好选址的网格位置的中心点坐标及所属区域，制作散点图进行标记，在徐汇区附近。其他房价影响因素挖掘看出上海房价市场的“中心城区-郊区”分化特征。其他信用卡欺诈检测 可以提供的信息检测出信用卡是否存在欺诈嫌疑其他电商打折套路解析发现有的品牌存在换烫不换药的情况，但双11的确是前后十天内价格最低的一天其他
20,25.0,nannannan
21,26.0,乡村振兴战略下农村零售企业社会责任影响因素研究未结项国家级
22,27.0,木霉菌促进煤矸石生态复垦的机制和生态风险评估研究nannan
23,28.0,nannannan
24,29.0,虎溪岩寺调研测绘包含《厦门市虎溪岩寺调报告——对虎溪岩寺山石、建筑、小品的调查研究》、《虎溪岩寺测绘图集》等内容的全套调研测绘文本其他厦门市大同路街道资源调查与分析《大同路资源调研与分析报告》其他
25,30.0,nannannan
26,31.0,江苏省古树名木时空分布与文化价值研究完成一作论文《江苏省不同区域古树名木分布特点研究》（《中国园林》杂志专家审核）和三作论文《江苏省文化树种认知情况及园林应用》（江苏农业科技）杂志已收稿）。省市级江苏省文化树种认知情况及园林应用论文撰写完成一篇三作论文，已被《江苏农业科技》收稿。省市级
27,32.0,nannannan
28,33.0,基于角色扮演类网络游戏的大学生自我认同建构一篇关于《基于角色扮演类网络游戏的大学生自我认同建构》的论文。其他
29,34.0,nannannan
30,35.0,城市双修背景下地域文化景观的保护与开发研究项目还在进行中其他
31,36.0,nannannan
32,37.0,快递纸盒的纸艺创新设计研究一套纸艺创新得快递盒其他
33,38.0,nannannan
34,39.0,nannannan
35,40.0,河南省教育厅人文社科项目(编号: 2017-ZZJH-232)《基于奶牛繁殖规律的奶业生产周期性波动分析》发表于《河南畜牧兽医》省市级
36,41.0,陕北黄土区不同微地形土壤养分特征研究这些结果表明黄土高原生态恢复区的土壤水分分布高度依赖于恢复措施和微地形种类。因此，在进行黄土高原的生态环境构建时应充分利用不同微地形的水分优势，力求高效利用水分的同时做到不超额、不过载，有意识的避免深层土壤干层的恶化。国家级陕北黄土区林分结构与微地形对深层土壤水分影响研究项目优秀结题；以第一作者发表论文《封育和造林对陕北黄土坡面微地形0-10m土层土壤水分的影响》国家级
37,42.0,《景观再生：基于景观生态学理论的生活垃圾填埋场景观以第一作者投稿的论文《景观再生：基于景观生态学理论的生活垃圾填埋场景观修复设计研究》入选2019“生态智慧与城乡生态实践”同济-吉建大论坛，得到了参加学术会议并现场壁报展示交流的机会，在论文中引入了所学景观生态学相关理论，锻炼了我的前期分析、文献整理、论文编辑国家级
38,43.0,校级大学生创新创业训练计划项目发表中文核心期刊论文一篇（第一作者）其他国家级大学生创新创业训练计划项目发表中文核心期刊论文一篇（第四作者）国家级
39,44.0,草甘膦施加对土壤酶、微生物和有机碳的影响施加不同浓度草甘膦对薄壳山核桃土壤中酶活性、微生物数量及有机碳会产生一定影响，在15天左右土壤会恢复正常。随着草甘膦浓度增加，对土壤微生物活性、酶、有机碳抑制作用更明显。其他
40,46.0,森语树洞文化运营工作室获得校级立项其他红色旅游地发展乡村旅游推进乡村振兴的调查研究获得河北省调研二等奖省市级
41,47.0,nannannan
42,48.0,单词识记类App对大学生英语词汇量的影响①评测发现，大部分识记单词App都是随机出词，未标明是核心或非核心词汇，词汇分级不明显。建议单词背诵循序渐进，由基础到核心，最后学习非核心等低频词汇，使英语学习更高效和有针对性。②同形异义词的区分不严谨，所评测的APP中仅有两个有表明区别。其他
43,49.0,杨凌农业文化遗址资源遗产的整理研究（1） 总结整理了部分杨凌农业文化遗产名录，将遗产地样本区分为核心区和非核心区，探讨不同区域居民评估意见的区域差异，并对其进行了较为科学的价值评估。（2） 发表论文一篇，题目为《杨凌农业文化遗产的非使用价值支付意愿》其他陕西省合阳县南社村秋千技艺研究及其文化产品开发1.在国家一级期刊《城乡建设》发表论文一篇，文章名为《基于文化创意角度的旅游产品开发设想——以合阳县为例》2.已设计出秋千谷景区吉祥物和包括创意文具、益智玩具的多种产品模型，其中“秋千节气”系列文具产品已在南社村和西北农林科技大学小范围试售，销售业绩良好。省市级
44,50.0,《不同光强和光质下草地早熟禾生理代谢的日节律变化》2017年大学生创新创业训练计划作为校级重点项目结题其他《面对作物需求的智能变量追肥机的研制》2018年大学生创新创业训练计划校级重点项目结题其他《基于质谱技术的两种委陵菜药理成分分析》2019年大学生创新创业训练计划校级重点项目，作为队长，项目正在开展，现已推荐至省级。省市级“呵护童心梦想，助力雏鹰飞翔”教育帮扶实践团大学生三下乡社会实践校一等奖其他《“不忘初心，回顾东农70载发展之路”专题项目团》大学生三下乡社会实践校三等奖其他“寻找唤醒城市的人”项目团队第二届东北农业大学青年志愿者服务项目大赛金奖其他“行动你我，绿及八荒”绿色志愿服务项目第三届东北农业大学青年志愿服务项目大赛银奖其他
45,51.0,nannannan
46,52.0,老龄化背景下老年人活动空间研究以省级论文形式结项其他
47,53.0,nannannan
48,54.0,nannannan
49,55.0,“深圳市建成区植物调查”课题1.深圳市建成区植物调查2018年进展报告2.深圳建成区植物调查指标体系3.深圳市建成区植物观赏效果图谱4.深圳市建成区植物群落图谱等省市级论文《浅谈园林废弃物的生态处理及资源化利用》无省市级
50,56.0,nannannan
51,57.0,胡杨快繁技术的研究1.70%酒精20s和0.1%Hgcl5min为最佳消毒时间。 2.MS+0.1mg/l6-BA+0.05mg/l IAA促进丛生芽的形成且生长最佳。 3.1/2MS+0.2mg/l IAA 对促进生根最佳省市级
52,58.0,nannannan
53,60.0,nannannan
54,61.0,nannannan
55,62.0,nannannan
56,63.0,nannannan
57,64.0,转BpCCR及BpGH3.5基因白桦优良株系选择在北京林业大学学报上以第一作者的身份发表论文《转BpGH3.5基因白桦优良株系选择》一篇。国家级
58,65.0,mRNA 的纯化方法对文库质量的影响第三作者身份在期刊《分子植物育种》中发表题为“mRNA的纯化方法对文库质量的影响”的文章。其他白桦木质部原生质体制备反应体系研究nannan
59,66.0,《我国农产品现状、问题及建议》发表论文其他
60,67.0,nannannan
61,68.0,nannannan
62,70.0,江苏省古树名木时空分布与文化价值研究《江苏省文化树种认知情况及园林应用》（第一作者）已被《江苏农业科学》录用《江苏省不同区域古树名木分布特点研究》（第三作者）处于投稿阶段省市级
63,71.0,《黑龙江省4种野生委陵菜抗旱性的比较研究》发表中文核心期刊《北方园艺》（已录用，待见刊）国家级《黑龙江省野生委陵菜资源收集及其抗逆性评价》仍在进行，目前被立为省级创新训练项目。省市级《密闭花卉工艺品产业化--格林屋有限责任公司》仍在进行，目前被立为省级创业训练项目。省市级
64,72.0,nannannan
65,73.0,nannannan
66,74.0,中国青少年外部依存性自尊的测量、发展及其作用机制顺利结项并获得“良好”的成绩，并于2018年参与发表了两篇中国心理学会第二十一届全国心理学学术会议的口头报告的文章。另有一篇文章获得了京师杯三等奖。其他
67,75.0,nannannan
68,76.0,nannannan
69,77.0,nannannan
70,78.0,基于深度学习的湿地自然保护区水鸟识别系统项目获奖：第六届全国大学生数字媒体科技作品及创意竞赛一等奖；北京高校大学生数字媒体设计大赛互联网应用A类一等奖华北五省及港澳台大学生计算机应用大赛本科组三等奖；第一届中国模式识别与计算机视觉大会军事地面目标识别竞赛优秀奖；并申请通过了软件著作权国家级教改背景下的在线考试系统的研究考试系统按要求完成了程序开发，并通过了测试，项目已通过了验收结题。目前，项目已成功申报为云南省教学考研基金项目。省市级
71,79.0,nannannan
72,80.0,nannannan
73,81.0,nannannan
74,83.0,西北农林科技大学户外公共空间设计要素对微气候热舒适nannanpH对欧洲报春花色形成的作用机理1.从花瓣内部环境和外部缓冲液环境两方面入手，初步探讨了pH值对欧洲报春不同花色形成的影响;2.分离到一个欧洲报春花pH值调控基因PvPH4nan
75,84.0,双梯度钻井系统关键技术研究及应用完成了双梯度钻井系统关键技术的研究以及对天然气水合物钻采的虚拟仿真模拟国家级RCO废气处理设备设计设计研发的新型RCO废气处理设备大大提高了废气处理的效率以及工厂空间利用率其他儿童防溺水书包设计经过不断的材料选择，重量计算以及实地实验，成功设计出了不同型号应用于不同年龄段儿童的防溺水书包其他
76,85.0,基于区间数的智能卡企业工人绩效考核指标体系设计完成了论文《基于区间数的智能卡企业工人绩效考核指标体系设计》国家级中国高等教育服务贸易问题研究《中国高等教育服务贸易竞争力分析》省市级互联网金融投资人利益保护机制研究张恒nan雄安新区建设中绿色金融发展的机遇和挑战《雄安新区的绿色金融风险控制体系分析》省市级
77,86.0,家风对企业家的影响在该项目中，获得“优秀个人”称号。其他“企业社会责任”编纂分析企业社会责任，以及其深远的意义。其他回收物流课题研究学校快递点在此次调研后开始重视对快递包装的回收利用，回收物流的重视度有所提升。其他
78,87.0,一种基于公式解析的数学公式检索索引创建方法与系统在审专利其他中文新闻网页爬虫文本过滤系统软件著作权其他局域网数据嗅探分析系统软件著作权其他地区影响趋势预测系统软件著作权其他高校图书馆管理系统软件著作权其他
79,88.0,云丰杯第二届全国逆向物流设计大赛优秀创意奖省市级“云丰杯”第二届全国逆向物流设计大赛发表在大众投资指南上省市级
80,89.0,合肥乐福儿慧眠科技有限公司团队参加“互联网＋”、“创青春”、“挑战杯”、“职业规划设计大赛”等创新创业类竞赛项目，获得省级金奖5项、银奖2项，获得国家级铜奖2项，中央电视台、上海电视台、北京卫视等多家媒体均对本公司项目有所报道。国家级
81,90.0,研究樟子松树高曲线及其影响因素暂无国家级
82,91.0,农村居民网购现状及发展成绩优秀，被评为校一等奖。调研论文总结出促进彬州市农村地区网购发展的措施：加快健全农村物流体系，解决“最后一公里”问题，普及网购方法，激发农民网购热情，加强监管，保证网络安全。其他工作论文《女孩学业梦更难？—来自CFPS2016的证据》贡献在于：一使用了最新的2016年数据，对当前家庭人力资本投资性别差异情况进行验证与更新。二对于目前研究较少关注到不同的父母职业背景下家庭人力资本投资性别差异的情况作补充。三重点比较独生家庭与非独生家庭在此问题上的差异，为生育政策放开后配套措施出台提供依据其他
83,92.0,大学生创新项目验证生物炭改善土壤性状的假说，为黄河口芦苇湿地土壤提供支撑。省市级
84,93.0,柳杉毛虫两种蛹寄生蜂对寄主资源利用的时空格局研究通过本研究，掌握平背囊爪姬蜂与松毛虫凸腿小蜂对柳杉毛虫的最适寄生龄期，成蜂在寄主蛹中的产卵时间利用策略，两种寄生蜂对两种独寄生体系的种间识别能力，以及对寄主产卵的空间利用策略；明确共寄体状态下是否改变幼虫的生理进程，初步了解幼虫发育的物候、空间适应策略以省市级
85,94.0,省级大学生创新训练项目严畅nan新媒体传播环境下高校地理教学方式的变革?严畅.新媒体传播环境下高校地理教学方式的变革[J].智富时代nan基于逐步回归的低保标准预测模型研究?蔡天鸿，严畅.基于逐步回归的低保标准预测模型研究[J].山东工业技术nan
86,95.0,抑郁倾向人群在网络表情符号上的表达特点撰写论文一篇其他
87,96.0,《基于SCP-AHP的精准扶贫跟踪审计评价体系研究——以申请安徽财经大学2018年省级大学生创新训练计划项目省市级
88,97.0,nannannan
89,98.0,大学生创新创业项目成果论文《花楸花粉超低温保存及再生》发表于国家核心期刊《福建农业学报》。国家级
90,99.0,nannannan
91,100.0,nannannan
92,101.0,绵阳市实验中学校园改造项目得到甲方认可其他基于儿童发展心理学对于儿童景观设计的建议论文发表于公开刊物《科学导报》其他钢笔速写太行村落发表于公开期刊新玉文艺其他马克笔表现《印象西藏》发表于公开期刊其他
93,103.0,nannannan
94,104.0,大学生开放实验项目“蓬莱水城建筑及景观空间”蓬莱水城形势险峻，是国内现存最完整的古代水军基地。本课题将重点关注蓬莱水城的建筑及景观空间形式，以及蓬莱水城古代水处理技术的研究，具有较强的实践价值，培养实地调研和研究的能力，制作沙盘模型，进一步深刻理解地域性传统建筑和景观设计的设计要点，提高设计水平。其他发表论文——济南地区屋顶花园的植物选择及配置发表于《现代园艺》2019八月刊其他国家级大创项目：'手绘迷'高校景观艺术设计培训孵化器打造校园文化，让景观艺术设计惠及更多感兴趣的人士，提高专业影响力。 同时为在读学生提供一个实践的平台，以此传承和延续下去，帮助更多有需要的同学。国家级
95,105.0,秸秆类农业废弃物在室内装饰设计中的应用研究与创新1.实物一件（秸秆屏风）。2.发明专利（一种秸秆农业废弃物材料的前处理装置），专利受审中。3.外观设计专利（秸秆屏风），专利受审中。4.论文（秸秆材料在室内陈设设计的应用研究），尚未发表。国家级
96,106.0,传统养生文化在现代疗养院景观设计中的运用研究。nannan
97,107.0,nannannan
98,108.0,nannannan
99,109.0,nannannan
100,110.0,nannannan
101,111.0,基于气象时间序列的森林气象火线等级预测方法研究预期成果：发表 SCI 或 EI 检索论文一篇 森林气象火险等级预测原型系统 形成森林气象火险等级预测结题报告一篇 森林气象火险等级预测原型软件著作权一项国家级
102,112.0,一种“智能洗鞋袜器”的研发及推广申请一项实用新型专利（受理阶段）国家级高原城市不同植被类型土壤入渗特性研究参加相关学术年会一次；实验得到五种不同植被类型的理化性质及入渗数据，用三种入渗模型对其进行拟合，目前论文撰写工作正在进行中国家级
103,113.0,nannannan
104,114.0,nannannan
105,115.0,nannannan
106,116.0,nannannan
107,117.0,首届旅游实验研究方法学术研讨会发表首届旅游实验研究方法学术研讨会会议论文其他第十届“挑战杯”首都大学生课外科技作品竞赛北京市三等奖省市级首都师范大学挑战杯大学生课外学术科技作品竞赛一等奖其他国家大学生创新创业训练计划项目丰富游客的自然和人文知识体验提供一定的指导意义和参考价值国家级首都师范大学本科生科学研究与创业行动项目研究让精品酒店的功能能够更好地服务于旅游目的地与旅游者其他新蚁族杯”第五届中国高校地理科学展示大赛报名参赛中国家级
108,118.0,微型多功能智能化混凝土景观产品设计实用新型专利：一种可净化空气智能景观花盆专利号：ZL 2018 2 0608832.5省市级
109,119.0,红星照耀项目荣获“创青春”创业大赛省赛铜奖，校赛二等奖。省市级
110,120.0,北京市大学生创新计划2018年以学术论文《从研发投入分析互联网教育企业的竞争力—以全通教育为例》和《互联网教育企业的商业模式以及其中蕴含的盈利分析》结题，且分别公开发表于期刊《商业经济》和《中国商论》，我分别担任第一作者和第四作者。省市级2018年暑期STAY IN TOKYO项目学习报告一份，且获得日本上智大学颁发的结业证书。其他湖南长沙书院项目撰写实习报告一份。其他重庆红色基地实践学习实践报告一份其他北京汇思创杰管理咨询有限公司实习我主要是负责相关会议纪要的整理和领导出差事宜的打理。其他
111,121.0,nannannan
112,122.0,nannannan
113,124.0,《河北省女大学生HPV疫苗接种现状调查分析》完成分析报告作品，获得省级一等奖。省市级《宠问》在第八届全国大学生电子商务“创新、创意及创业”挑战赛河北大学校赛选拔赛获二等奖其他农村电子商务平台设计在河北大学“2018年校级大学生创新创业训练计划项目”结项评审中评为良好其他
114,125.0,nannannan
115,126.0,人工湿地植物群落构建及对湿地生态环境效益的研究nannan
116,127.0,nannannan
117,128.0,nannannan
118,129.0,新能源汽车座椅材质优化设计及舒适度评估体系构建研究论文与座椅模型省市级
119,130.0,nannannan
120,131.0,花楸花粉超低温保存的探究发表论文《花楸花粉超低温保存及再生》至《福建农业学报》。国家级
121,132.0,市场调查与分析获得“正大杯”全国大学生市场调查与分析大赛省级二等奖省市级百县千村人口流动调研与数据库建设项目我的成就在于做好初步的调研数据的处理分析，为老师们进一步的科研工作做好准备工作其他
122,133.0,nannannan
123,134.0,nannannan
124,135.0,nannannan
125,136.0,氮沉降对香榧生理生态的影响校级大创待结题其他一种减轻桃果实冷害褐变的低功率微波技术获得安徽省大学生食品创新大赛优秀奖省市级天敌实验—不同龄期与数量的蠋蝽对美国白蛾的刺吸作用得出初步结论其他
126,137.0,《让胶东之花活起来：对高密茂腔的现状调研及分析》第十六届“挑战杯”全国大学生课外学术科技竞赛省一等奖（团队负责人）；2018年“创青春”海尔山东省大学生创业大赛省铜奖（团队第二负责任人）省市级
127,138.0,nannannan
128,139.0,O2O模式对大学生生活的影响完成论文《基于双边市场理论的O2O应用平台研究》，并获得校级大创项目二等奖。省市级社会信任的影响因素完成论文《高等教育对社会信任的影响及其作用机制》，并发表在消费导刊。省市级
129,140.0,中国林业市场监测预警体系政策研究报告尚未发表其他国际上森林城市发展的主要经验与政策启示该报告于2019年3月获得国家林业和草原局的肯定性批示，为推动森林城市相关工作发挥重要作用。其他基于多源异构信息资源的科学前沿探测方法研究暂无省市级
130,141.0,大创《湖滨带土地利用异质性对大庆城市湖泊湿地水环境 “一种湖泊景观水微循环治理系统”获得了实用新型专利证书。国家级全国林业创新创业大赛获全国半决赛入围奖国家级
131,142.0,nannannan
132,143.0,基于城市群可持续发展能力下的绿色出行模式研究无其他
133,144.0,nannannan
134,145.0,南京农业大学大学生srt项目课题已结项其他
135,146.0,nannannan
136,147.0,nannannan
137,148.0,nannannan
138,149.0,nannannan
139,150.0,《虚拟穿搭，衣依所想-MGoutfit虚拟试衣平台》辽宁省大学生电子商务“创新，创意及创业”挑战赛二等奖省市级《虚拟试衣，衣依所想》互联网+校级铜奖其他
140,151.0,nannannan
141,152.0,大学生就业匹配问题研究—基于大庆市三所高校的调查分项目最终获得黑龙江省省级评定。并且，我曾以第一作者身份发表论文《大学生专业设置与就业匹配的问题研究》省市级
142,153.0,nannannan
143,154.0,第三届全国高校互联网金融应用创新大赛取得了省级第二名的优异成绩。我的团队协作能力、实践操作能力和专业知识能力都有所提升。省市级2018年创新创业训练项目2019年6月，该项目顺利结项，获得评委老师的认可和好评。通过此项目，我逐渐掌握了调研活动的研究性方法，也认识到调研活动的价值和重要性。其他
144,155.0,发表论文《会计信息化下的中小企业云会计建设》其他论文《中小企业最优存货管理》其他
145,156.0,nannannan
146,158.0,nannannan
147,159.0,nannannan
148,160.0,nannannan
149,161.0,nannannan
150,162.0,nannannan
151,163.0,nannannan
152,164.0,nannannan
153,165.0,nannannan
154,166.0,遗传算法优化废弃矿坑景观规划设计研究未结题国家级
155,167.0,nannannan
156,168.0,《青岛上市公司内部控制评价体系的研究》的校创项目在此期间，我们查找了青岛29家上市公司的内部控制评价报告，手工整理了青岛上市公司内部控制评价报告的披露情况，并查找大量相关文献了解内部控制评价体系，我们借鉴《企业内部控制评价指标体系研究》中内部控制评价指标的构架方法，设计了的两层级指标体系。其他
157,169.0,低温胁迫对柳叶马鞭草生理的影响结题报告其他虎耳草与活血丹对异质性光照条件适应的比较分析结题报告其他
158,170.0,nannannan
159,171.0,百分树现代农业开发项目项目尚在开展过程中国家级长春市七彩莓果业有限公司项目获：第三届吉林省“互联网+”大学生创新创业大赛铜奖长春市2017青年科技创新创业大赛三等奖并获得五万元扶持资金省市级明德创意文化广告设计公司以设计并制作出树牌、明信片等，并广泛投入使用、销售国家级长白山区野生软枣猕猴桃配套栽培技术研究在《江苏农业科学》中发表论文《应用响应面法优化软枣猕猴桃的一步成苗培养基》省市级白檀SRAP-PCR体系优化及引物筛选nannan遮阴对玉带草光合特性的影响在《江苏农业科学》发表论文《遮阴对玉带草光合特性的影响》省市级玉带草光合特性的研究nannan
160,172.0,nannannan
161,173.0,生态校园与景观装置模拟对比实验1、发表国家级期刊《中国高新科技》论文一篇，题为《生态校园与景观装置模拟对比实验——以内蒙古工业大学为例》；2、获得实用新型专利《生态校园装配式景观装置》一项，专利号：2019 2 0401829.0；3、代表内蒙古工业大学科创项目接受内蒙古电视台采访。省市级乌梁素海零能耗集合式生土住居设计获得内蒙古工业大学第十一届大学生节能减排社会实践与科技竞赛第一名其他空间句法视角下的动态复合景观构筑设计研究第一发明人获得外观设计专利《房门》一项，专利号：ZL 2018 3 0755049.7；其他
162,174.0,不同基质接种外生菌根真菌对锥栗幼苗生长及酶活性的影发表文章《不同接菌方式对锥栗幼苗生长及光合的影响》，获第六届中国林学会会议论文三等奖、项目成果参加长沙市大学生创新创业大赛获得一等奖。国家级
163,175.0,参与本专业老师的河北省第三次全国农业普查研究课题获得重点课题二等奖省市级大学生创新创业训练项目国家级立项并顺利结项国家级
164,176.0,nannannan
165,177.0,手提袋（长沙的冬天）达到美感国家级
166,178.0,前表面荧光光谱快速检测果汁饮品中原果汁的含量1.以芦丁为标准品，用铝盐法测定总黄酮的含量2以橙皮苷为标准品，用国标法测定总黄酮的含量3以橙皮苷为标准品，测定果汁样品中总黄酮的含量国家级
167,179.0,nannannan
168,180.0,nannannan
169,181.0,nannannan
170,182.0,nannannan
171,183.0,泰山松石景观调查整合了泰安市现有松石景观资源并制定出了一套评分体系、分类方法及布景原则。其他
172,184.0,农林高校大学生创新创业意愿及行为调查研究一篇调研报告，两篇项目论文均已发表。其他重点国有林区“改革监测”社会调查被评为“社会实践先进个人”。国家级黑龙江省科技工作者创新创业态度研究撰写了一篇调研报告，一篇项目论文。其他
173,185.0,暂无科研项目无其他
174,186.0,nannannan
175,187.0,国家实用新型专利《一种伸缩式球网架》获得国家实用新型专利国家级国家实用新型专利一种用于环境艺术设计用的画图设备已受理，正在审核中国家级参加国家级大创项目《IROOM-室内环境检测系统》申报成功省市级参加互联网+比赛《L·R城市雨水回收系统》已申报省市级《保护生态文明——武汉市环境问题的调查与改善》通过调查，当地市民保护环境的意识大大提高其他
176,188.0,nannannan
177,189.0,nannannan
178,190.0,nannannan
179,191.0,nannannan
180,192.0,nannannan
181,193.0,nannannan
182,194.0,nannannan
183,195.0,nannannan
184,196.0,北斗杯全国青少年科技创新大赛第十届北斗杯全国青少年科技创新大赛华东赛区三等奖第十届北斗杯全国青少年科技创新大赛福州赛区二等奖省市级
185,197.0,核心期刊《美术大观》发表论文《传技·守艺—探究福州油纸伞的民俗底蕴与美学价值》 在核心期刊《美术大观》期刊2018年第二期70-71页发表国家级在SCD期刊《家具与室内装饰》发表论文《基于杉木环境学特质的室内环境设计》 在scd期刊《家具与室内装饰》2019年 2月刊112-113页发表省市级在SCD期刊《美术教育研究》发表论文《福州南后街花灯的文俗源流与艺术特征的沿析》 在scd期刊《美术教育研究》2019年3月（下）刊 24-25发表省市级在SCD期刊《大众文艺》发表论文《陈之有意，设之成境——室内陈设艺术刍议》在scd期刊《大众文艺》2019年14期126页发表省市级实用新型专利——一种便携式人机两用草莓采摘装实用新型专利——一种便携式人机两用草莓采摘装置 授权时间 2019.9.03国家级
186,198.0,nannannan
187,199.0,nannannan
188,200.0,nannannan
189,201.0,nannannan
190,202.0,nannannan
191,203.0,探索希腊罗马神话中宙斯的人性一面论文一篇其他乔治·艾略特小说的宗教隐喻和文化批评在研中其他探究西游记与天路历程的共性与差异在研中其他
192,204.0,nannannan
193,205.0,nannannan
194,206.0,手机低头族的校园社会支持系统及其应对策略在河北大学“2017年校级大学生创新创业训练计划项目“结项评审中被评为优秀其他味觉、感觉寻求和创造性思维的关系研究学年论文答辩被评为优秀，毕业论文会对该项目进行进一步的完善。其他青春不老—合唱训练对于中老年人积极心理构建的调研“青春不老-合唱训练对于中老年人积极心理构建的调研与实践项目”被立为国家级大学生创新创业训练计划项目，目前，该项目正处于实施阶段。国家级
195,207.0,“新道杯”黑龙江省大学生创业经营模拟大赛团体三等奖省市级黑龙江省“企业价值创造实战”财会竞赛团体三等奖省市级
196,208.0,椭圆规、旋转手柄雨伞入围红点奖初审国家级椭圆规收到专利申请受理书，仍在审核过程中其他婴儿床收到专利申请受理书，仍在审核过程中其他
197,209.0,税收新政下对海外私人职业海外代购与跨境电商（B2C模税收新政下对私人职业海外代购与跨境电商(B2C模式)新型合作方式的研究结项报告书其他“一带一路”背景下新疆经济与文化的介绍和推广发表论文《“一带一路”背景下新疆经济与文化的介绍和推广》其他
198,210.0,nannannan
199,211.0,“三下乡”大茂山暑期社会实践小组成员根据实地调研内容撰写了调研报告，目前项目的申报工作还在进行中，还未结项。国家级
200,212.0,nannannan
201,213.0,nannannan
202,214.0,山丹继代培养试验在《河北农业大学学报》（核心期刊）发表论文《不同外源激素对山丹继代培养过程中内源激素的影响》其他遮阴对玻璃苣光合特性的影响试验在《河北农业大学学报》（核心期刊）发表论文《遮荫对玻璃苣光合特性的影响》其他暴马丁香花粉萌发试验在《林业与生态科学》（省级期刊）发表论文《暴马丁香花粉萌发适宜培养基的筛选》。其他模拟酸雨对草坪草影响试验在《林业与生态科学》（省级期刊）发表论文《模拟酸雨对4种草坪草幼苗生理特性影响》。其他
203,215.0,nannannan
204,216.0,nannannan
205,217.0,《基于青年人偏好的城市园林植物景观的因子分析》我以第一作者撰写的论文被核心期刊《中国园林》收录。其他《徽州地区的水口园林特点》我以第一作者撰写的论文被SCD期刊《大众文艺》收录其他《徽商大宅院的园林景观特点与现状保护》我以第一作者撰写的论文被SCD期刊《大众文艺》收录。其他《浅析江南园林的园林工程特点》我以第一作者撰写的论文被SCD期刊《艺术科技》收录。其他
206,218.0,nannannan
207,219.0,“学术明星”计划作为第二作者身份（导师第一作者）参与撰写的论文《Research on Road Traffic Flow Status Based on Survival Analysis》已在Journal of Physics: Conference Series发表。其他
208,220.0,课程论文论文《Kindle电子书阅读器在华的品牌策略》已被《国际品牌观察》接收，将于10月见刊。其他
209,221.0,《野生铁核桃全产业链技术升级》过营销模式的创新研究，解决了云南香格里拉地区野生铁核桃资源丰富，可利用价值高，但外销品中以初级加工产品为主，后续深加工产品的研发滞后，产品附加值低的问题。省市级
210,222.0,nannannan
211,223.0,nannannan
212,224.0,nannannan
213,225.0,土壤水分胁迫对观赏植物的生理特性和生命的影响本项目正在进行中其他
214,226.0,乡村振兴背景下海南岛传统村落空间分布及驱动力研究2018年12月以《乡村振兴背景下的海南岛传统村落空间分布及其驱动力研究》获得2018第八届艾景国际园林景观规划设计大会优秀论文；并获得海南大学挑战杯校内选拔赛三等奖。其他文化传承视角下，平遥古城风貌保护的探究2018年12月以《文化传承视角下，平遥古城风貌保护的探究》，获得海南大学暑期社会实践活动优秀调查报告二等奖其他
215,227.0,nannannan
216,228.0,nannannan
217,229.0,nannannan
218,230.0,基于绿地生态系统服务的城市居民生态福祉提升路径研究1、使用多个微观指标，将人类福祉这宏观的指标以多个不同的特征点来进行讨论，并采用统计手段解释了城市绿地功能对居民福祉的影响以及对于生态福祉各指标的满意度。2、完成结题报告书与结题总结3、培育团队成员创新能力及科研素养国家级
219,232.0,北京大学国发院CHARLS项目nannan
220,233.0,中国主要城市公共空间日语规范化问题研究有效收集整理国内日本游客量较大的城市和地区代表性公共空间的日文标识语使用情况。对国内公共空间日语使用规范化进程的推进做出贡献，对规范使用外语进行更好的倡导，以优化城市及国家形象。国家级
221,234.0,从多模态话语分析视角看中外手机品牌的视频广告差异其在海外投放广告的效果，进而提升宣传效果，帮助更多品牌“走出去”，并提升“中国智造”的影响力国家级
222,235.0,外卖服务在大学校园食堂的应用研究论文《外卖配送服务在大学校园食堂的应用研究》在核心期刊《金融经济》上刊登，并完成高校师生网订外卖影响因素分析报告一份、结题报告一篇。其他林统党支部“红色1+1”社会实践活动本次社会实践活动获得暑期社会实践三等奖。其他
223,236.0,一花一木生态园林规划设计工作室  一花?一木生态园林规划设计工作室成型其他
224,237.0,北京不同立地下栓皮栎外生菌根真菌多样性比较研究1、不同立地栓皮栎林每木检尺数据2、各区域土壤理化因子如土壤pH、土壤容重、土壤含水量、土壤有机质等数据并制表3、各区域外生菌根真菌在OTU和属水平上的组成图及区域间差异对比4、各区域外生菌根真菌多样性差异与环境因子之间的关联并制图5、分析不同立地栓皮栎外生菌其他
225,238.0,nannannan
226,241.0,nannannan
227,242.0,诫子学院-面向农村的素质教育机构诫子学院已在廊坊市的一个农村成功举办，此项目也荣获第四届河北省互联网大赛省级铜奖省市级
228,243.0,nannannan
229,244.0,科技金融支持现代农业发展研究 这一基本事实展开。通过问卷分析，实地调研的结果，试图运用经济金融学原理，分析在这一过程中所存在的实际问题，并寻找这些问题产生根源，从现代化农业经营主体金融资源承载能力、加快金融机构信贷产品和服务创新、健全金融支农机制建设等多个角度提出建议。其他科技金融支持现代农业产业发展及路径研究研究对象为农业科技金融中介服务机构，立足于目前现状，结合政府提出加快实现农业现代化时代背景，分析存在的问题和挑战，为发展中介机构提出对策建议。其他
230,245.0,"""干物语""SIPT计划项目第二作者身份在《中国新通信》上发表论文其他"
231,246.0,“三下乡”暑期社会实践活动调查报告一篇，获得校级一等奖，发表论文一篇《宁夏彭阳县城阳乡农民职业技能培训现状调查与分析》其他
232,247.0,nannannan
233,249.0,nannannan
234,251.0,nannannan
235,254.0,你会先看到什么——心之所向还是金钱至上一项国家级大学生创新项目国家级
236,255.0,nannannan
237,256.0,nannannan
238,257.0,nannannan
239,258.0,郑开历史文化类研学旅行产品的开发研究 ，课题组编制了三份报告：《郑开历史文化类研学旅行产品设计报告》 、《郑开历史文化类研学旅行市场调查与分析》 、《郑开历史文化类研学旅行产品的开发研究总结报告》省市级河南大学大学生创新创业训练计划项目《郑开历史文化类研学旅行产品的开发研究》报告一份其他
240,259.0,苏宁易购2018年度财务报表分析形成了以《苏宁易购集团股份有限公司2018年财务报表分析》为题的论文和科研报告，但论文尚未发表。省市级云实验服务平台形成云实验服务平台项目策划书，目前该平台处于研发阶段。省市级
241,260.0,经验启动对道德概念重量隐喻的影响的ERP研究行为结果显示，道德概念中存在重量隐喻表征。道德概念垂直空间隐喻的经验启动对道德概念重量隐喻具有调节效应。ERP结果还在进一步分析与解释中，已经发现N1、P300、N400成分。其他北京师范大学研学提高了研究素养。其他
242,261.0,nannannan
243,262.0,nannannan
244,263.0,石家庄“汉德宜”手帕有限责任公司1.创业计划书2.河北省“互联网＋”创新创业大赛省级铜奖国家级河北省太行山区六次产业融合发展提升路径分析 河北经贸大学公共管理学院 创新创业立项大赛一等奖其他农村土地托管现状及农民参与意愿影响因素分析调查报告：《农村土地托管现状及农民参与意愿影响因素分析——基于石家庄市鹿泉区的调查研究》其他乡村振兴战略下板栗期货的可行性探究期刊论文《乡村振兴战略下板栗期货的可行性探究——以青龙满族自治县为例》省市级中小型企业开拓国际市场初期风险规避及积极影响期刊论文《中小型企业开拓国际市场初期风险规避及积极影响——以玉田县印机企业为例》国家级
245,265.0,nannannan
246,266.0,论文《我国钢铁业遭遇反倾销的研究》发表于《消费导刊》2019年第27期国家级
247,267.0,nannannan
248,269.0,企业互联网营销IP形象策划设计本项目服务于江苏华泰生态园产品——梨产品，满足艺术内容在新媒体方面的传递需求，从梨的形象入手，针对艺术内容特点，设计符合艺术内容传播的产品角色和动画作品，升华企业文化，实现产品的跨界增值。省市级
249,270.0,第十届园冶杯大学生国际竞赛竞赛获奖国家级关于2018年“乡村稼穑情?振兴中国梦”专项社会实践。2018年“乡村稼穑情?振兴中国梦”全国农科学子聚力乡村振兴全国大学生暑期社会实践专项行动优秀团队铜奖。其他基于植物多样性的城市水体景观营造方法探讨第一作者发表《基于植物多样性的城市水体景观营造方法探讨》《设计》2019第2期（SCD）其他.关于生态宜居美丽乡村建设的调查与思考重点把握乡村清洁环境引导与群众自发设计，在资金的支持下，通过问题提出与分析，以期为襄州区美丽乡村的发展提供参考。其他浅析古典园林中的音乐艺术元素第一作者发表《浅析古典园林中的音乐艺术元素》	《大众文艺》2019第5期（SCD）其他实用新型专利（受理中）本实用新型所要解决的技术问题就是针对现有技术中的立体绿化绿植存活周期短，需土量大、自重较大，后期维护成本高、维护难度大等缺陷。提供一种轻质景观用绿植种植装置以解决上述问题。其他《“金陵新四十八景”调查及其数字化构建》nannan
250,271.0,合肥工业大学大学生创新创业计划1. 研制产品若干2. 编写图库一本3. 拟计划申请专利一项其他大学生暑期三下乡实践活动调研报告、实践日记、视频、新闻通讯稿等若干其他
251,272.0,nannannan
252,273.0,nannannan
253,274.0,nannannan
254,276.0,喜马拉雅特有植物鬼吹箫的培育及优良单株筛选发表论文一篇，即Study on the Cutting Propagation Technique of Himalayan Leycesteria formosa Wall.Twigs申请发明型专利一项，即一种提高风吹箫（鬼吹箫）扦插育苗成活率的方法技术，第二发明人培育鬼吹箫扦插苗上千株，已应用到学校园林绿化中省市级西藏自治区园林特色专业建设举行一届西藏大学农牧学院园林作品展省市级西藏药用观赏植物收集与利用发表论文四篇通过相应的培育技术，获得西藏红豆杉上百株，获得锐齿凤仙花上百株，获得多肉植物石莲上百株，获得多蕊金丝桃几十株，获得藏波罗花上百株，获得岩白菜上百株，获得西藏鹿蹄草上百株，获得黄花木上百株，获得鬼吹箫上千株，等省市级
255,277.0,nannannan
256,278.0,nannannan
257,279.0,nannannan
258,280.0,基于室内环境实用景观小场景设计通过调研以发表论文的形式从理论上论述室内小型景观的功能性以及在不同空间中的不同布局所起到的不同作用。以手绘的方式表达出在不同空间内小型实用绿植景观等不同的布局与规划所产生的不同效果。其他基于室内环境实用景观小场景设计2通过调研以发表论文的形式从理论上论述室内小型景观的功能性以及在不同空间中的不同布局所起到的不同作用。以手绘的方式表达出在不同空间内小型实用绿植景观等不同的布局与规划所产生的不同效果。省市级
259,281.0,我国主要林区林地立地质量和生产力评价研究通过优化求解得到基准年龄时蓄积连年生长量最大值，形成各生长过程组蓄积潜在生产力表。省市级余生有榆获得第四届河北省“互联网+”大学生创新创业大赛省铜奖省市级
260,282.0,拟南芥隐花色素CRY2对生物钟蛋白PRR5稳定性的影响暂无省市级SCInannan
261,283.0,呼和浩特居民节能减排行为及潜力社会调查参加了校级大学生创新实验计划项目其他防爆壶塞发表实用新型专利其他
262,284.0,nannannan
263,285.0,《智汇滇越，忆乡为媒—以滇越铁路云南段为例》立项，完成文献梳理，完成昆明—河口调研并撰写报告，提出昆明段改造策略，撰写相关论文，中期检查评优。省市级《基于SD法探究铁路织补理论对城市的综合影响》完成论文（8000字）省市级《普洱城市文化形象研究》完成普洱市及九县县徽设计和文字撰写，待出版。省市级《构成设计在中国传统文化产品设计中的应用》完成文献整理，设计茶果形式30余个，并取得市场的一定认可。省市级《垂直生长·深圳—南头古城更新设计》绘制图纸，编写设计说明文本省市级《城市引力—柳梢堰城市公园生态修复设计》绘制图纸，编写设计说明文本省市级
264,286.0,北京科技金融与企业创新绩效的耦合协调研究《新财经》科技金融对科技型中小企业创新绩效的影响——以北京市中关村示范区为例 胡璇钰，刘檬，张倩其他
265,287.0,nannannan
266,288.0,柳杉毛虫两种蛹寄生蜂对寄主资源利用的时空格局研究掌握平背囊爪姬蜂与松毛虫凸腿小蜂对柳杉毛虫的最适寄生龄期，成蜂在寄主蛹中的产卵时间利用策略，以及对寄主产卵的空间利用策略；初步了解幼虫发育的物候、空间适应策略以及它们的形态、习性与适应策略；初步探明松毛虫凸腿小蜂在寄生蛹中的寄生体系的原理机制。省市级
267,289.0,nannannan
268,290.0,nannannan
269,291.0,半导体矿物光生电子对南方红壤区稻田土壤呼吸的影响投稿阶段其他高寒草甸天然牧草地不同退化阶段土壤酶活性变化规律无其他
270,292.0,nannannan
271,293.0,nannannan
272,294.0,nannannan
273,295.0,河北大学“三下乡”暑期实践活动准予结项其他
274,296.0,nannannan
275,297.0,吉林省抗日遗址分布与地理环境关系研究论文：吉林省抗日遗址分布与地理环境关系研究省市级
276,298.0,2018大学生创新训练项目省级良好结项。省市级2019大学生创新训练项目省级立项。省市级2018年河北省大学生“调研河北”社会调查活动省级一等奖省市级2018年河北省大学生“调研河北”省级二等奖。省市级2019年“挑战杯”课外学术科技作品竞赛校级三等奖。其他
277,299.0,2017麻省理工责任地产工作坊针对“里院改造”这一课题进行作业其他墨幻号概念游艇室内设计获得山东省船艇设计大赛三等奖省市级
278,300.0,调研河北-邯郸部分地区农村生活污水处理调查获2018年河北省大学生“调研河北”社会调查活动立项。将调研成果及可行性建议上交到有关组织，希望我们的调研活动能为使已有新农村建设生活污水处理理论得到深化与补充，对美丽乡村建设起到一些有利的作用。省市级
279,301.0,大学生创新创业训练计划项目此项目经评审准予结题。其他
280,302.0,益行河北，助善市营准予结项其他推广大名特色烧鸡，助力大名扶农脱贫本人带队参加第九届全国大学生电子商务“创新、创意及创业”挑战杯和大学其他
281,303.0,nannannan
282,304.0,“安而养”高校食堂健康养生餐饮项目主打养生餐饮，三个系列产品包括养生、减肥、经期共同发展，并研制出菜单；线下产品与线上服务结合，为大学生健康全方位护航。其他2017年暑期大学生社会实践活动开展面对面访谈，并提交一份详细的校友访谈报告。其他
283,305.0,江苏大学大学生创新创业训练计划—儿童笔筒的创新设计儿童笔筒的创新设计其他
284,306.0,文昌市旅游资源普查及旅游业发展战略规划获得政府支持并认可省市级海南省昌江黎族自治县王下乡文旅项目策划nannan
285,307.0,nannannan
286,308.0,双一流高校建设时期在校大学生如何创新践行生态文明2018.05-2019.05 大学生创新创业项目，已结题并发表论文《“双一流”高校建设时期在校大学生如何创新践行生态文明》于《西部素质教育》。其他北方地区厕所革命生态筑梦工程2019.04-至今 互联网+大学生创新创业项目“北方地区厕所革命生态筑梦工程”，进展中。其他招贤纳士微信小程序“招贤纳士”参与研发、功能探索及UI设计，目前开发版已上线。国家级城市园林景观设计中现代设计理论的应用论文《城市园林景观设计中现代设计理论的应用》，第一作者发表于《美与时代》城市版。其他中国传统文化元素在现代园林景观设计中的应用探究论文《中国传统文化元素在现代园林景观设计中的应用探究》，第一作者发表于《居业》。其他
287,309.0,nannannan
288,310.0,《浅谈美国俚语及其翻译方法》发表于国家级期刊《新东方英语》上。国家级安鑫储物柜以“优秀”成绩结项。其他
289,312.0,《光肩星天牛不同寄主抗性初探》发表论文省市级《长春菜市场中26种蔬菜硝酸盐含量测定》发表论文省市级
290,313.0,乡村振兴背景下的社会创业模式研究发表了两篇论文，撰写了一篇调研报告省市级高等院校体验式教育现状和受众教育需求发表了一篇论文，撰写了一篇调研报告其他
291,314.0,nannannan
292,315.0,nannannan
293,316.0,高等院校体验式教育现状和受众教育需求发表论文一篇其他乡村振兴背景下的社会创业模式研究发表论文两篇省市级保定市创新型县、特色科技小镇建设论文若干篇，安国市创新发展规划省市级
294,317.0,nannannan
295,318.0,nannannan
296,319.0,数字游戏研究国际会议上发表长摘要数字游戏研究国际会议上发表长摘要《A Serious Game Integrates Immersive Game Experience and AIDS Intervention》制作HIV游戏demo其他《浅谈克里斯托弗诺兰的叙事艺术》论文《浅谈克里斯托弗诺兰的叙事艺术》收到大众文艺刊用通知其他建立gameuser网站翻译外国游戏设计理论建立gameuser网站翻译外国游戏设计理论其他
297,320.0,”北京市平谷区重大项目稳定性风险评估研究“《实地调查计量分析》省市级京津冀地区森林康养主题田园综合体市场调研已发表论文其他“技术革命与城市化”个人负责：文字的加工处理、文章内部的框架结构图其他“基于实验经济学的住房信息市场机制设计与运行”《上市物业服务企业股权结构特征研究》，被世界华人不动产学会 2019 年年会正式接收，论文在投中国家级
298,322.0,nannannan
299,323.0,传统文化视阈下的中国品牌营销策略研究——故宫淘宝店发表论文《传统文化视阈下的品牌营销研究—以“故宫淘宝店”为例》论文发表在国家级期刊《文化研究》。国家级“内容赋能+社群激发”内容营销对消费者品牌忠诚度的发表论文一篇《社群经济背景下内容营销对消费者品牌忠诚度的影响研究—以网易云音乐为例》论文发表于吉林大学主办《经济视角》杂志。国家级
300,325.0,河北省人力资源社会保障课题 “以农民满意度为导向的发表结项论文，成果结项。省市级保定市哲学社会科学规划课题 “基于城乡协同发展的我发表结项论文，成功结项。省市级大学生创新创业训练计划项目 “黄骅港中小物流企业风发表结项论文，成功结项。其他
301,326.0,nannannan
302,328.0,nannannan
303,329.0,nannannan
304,330.0,nannannan
305,331.0,nannannan
306,332.0,河北太行木制品有限公司该校级大学生创新创业训练项目已于2019年7月完成结项其他荷木科技—户外超疏水木材专家制作出了简单超疏水户外家具，并获得第五届互联网+大学生创新创业大赛省级铜奖省市级
307,333.0,国家级大创——“苔藓状萼片”新品种月季的选育待发表论文一篇，初步培育具有苔藓状萼片性状的新品种国家级论文《黄冠梨PbpNCED3基因的克隆与表达》nannan发表文章《月季的前世今生》《中国花卉盆景》杂志（2016.03）发表文章《月季的前世今生》，阐述了月季的演化过程，现代月季的产生过程和历程。国家级发表文章《我的第一次月季杂交尝试》《中国花卉盆景》杂志（2017.10）发表文章《我的第一次月季杂交尝试》国家级413玫瑰园将宿舍楼前的荒地改造成花园，并举办花展，成为了宿舍楼区一道亮丽的风景线其他
308,334.0,六盘山生态移民迁出区不同植被恢复发表论文2篇国家级灵武长枣种植园区施肥配方的研究项目顺利结题其他
309,335.0,nannannan
310,336.0,省级创新创业项目“老伴儿”医助服务平台完成报告“老伴儿”空巢助医公益产业调查研究。省市级
311,337.0,nannannan
312,338.0,nannannan
313,340.0,nannannan
314,341.0,nannannan
315,342.0,nannannan
316,343.0,nannannan
317,344.0,nannannan
318,346.0,关于“途牛旅行网”的商业计划与分析一等奖其他大股东减持行为的尺蠖效应研究《大股东减持行为的尺蠖效应研究——基于乐视网大股东减持案例的分析》（独立作者）其他
319,347.0,构建社区认同的“共享社区”公共空间设计调研发现影响社区公共空间使用的主要因素是社区各类居民融合度低，社区居民人口结构变化特征、各类人群日常生活轨迹以及对于公共服务的差异化需求。项目最终提出社区公共空间的微更新方案，对试点小区某空地进行设计同时撰写论文为分析相似社区的类似问题提供方案。省市级“云端花宴”（上海国际花展）通过“云”状的装饰物，以上海师大园艺专业“云数据”和“云资源”作为技术支持，通过“落花纷漠漠、绿叶寄深水、浮云伴花叶、春风共沉醉、云端花盛宴”等景点布局构成以白色和绿色为基调的景点空间。获未来园艺设计师景点类最高奖项铂金奖。国家级生态灯经过长达一年的实验，保证其他条件尽量相同的情况下对植物适应光照、长势、叶片情况（颜色、大小、厚度）等因素进行验证，筛选出多肉植物的二十多种品质（如虹之玉、黑法师、熊童子、火祭等），与相关灯具生产厂家合作，制作出“生态灯”样品。省市级
320,348.0,nannannan
321,349.0,《苏州城区绿色基础设施研究》调查报告其他
322,350.0,"“挑战杯""论文撰写对本专业在三农问题中发挥的作用得到进一步认识国家级"
323,351.0,山东财经大学“三千计划”暑期社会实践实践调研报告其他
324,352.0,气相臭氧氧化协同吸收烟气脱硫脱硝实验研究本项目旨在研究一种新的技术，并发表相关论文以及申请相应的专利技术。项目进行中，还未出相应成果。省市级天津市城市绿地土壤污染特征研究调研报告一篇其他
325,353.0,nannannan
326,354.0,nannannan
327,355.0,循经冥想干预大学生抑郁情绪已发表论文《循经冥想干预大学生抑郁效果分析》，投稿至中文核心期刊《中国全科医学》。省市级
328,356.0,计算机辅助三维造型中的力觉交互技术研究论文《虚拟雕刻技术在人物模型设计中的应用研究》和《后现代主义风格在GNSS电离层监测仪改良设计中的研究》，实物力觉交互器省市级北京微度科技公司“爱丽分”智能垃圾分类回收系统饮料瓶回收主机以及可定义副机其他北京博创联动科技有限公司车载显示设备造型设计车载显示设备其他
329,357.0,我国食品产业链安全风险防控的制度成本降低路径的研究目前已经通过数学统计方法构建食品企业信用评价体系的论文一篇，正在投稿中。国家级冬奥会对张家口市经济高质量发展的影响分析及对策研究调研报告一份获得2018年河北省“调研河北”大学生社会调查活动省级二等奖与2019年“挑战杯”全国大学生课外学术科技作品竞赛校级三等奖其他
330,358.0,nannannan
331,359.0,nannannan
332,360.0,nannannan
333,361.0,热情-能力特质标签、面孔吸引力对择偶偏好的影响学年论文答辩评级为优秀其他农村婚姻市场背景下青年婚姻稳定性影响因素探究nannan大学生专业认同度对学业成绩的影响：心理资本的中介作2019 年河北大学实验室项目立项，待结项。项目论文投稿中其他
334,362.0,大学生主观幸福感的影响因素-基于家庭功能和共情能力正在撰写论文省市级
335,363.0,nannannan
336,364.0,AnimationMaster APP2019年5月 Animation Master队荣获第九届全国大学生电子商务“创新、创意及创业”挑战赛河北大学校选拔赛二等奖其他优家2018年5月 《优家》荣获2018年“创青春”河北大学大学生创业大赛网络信息经济专项赛三等奖其他《浅谈数字绘画技术对二维动画制作的影响》2018年8月 在《大众文艺》上发表文章《浅谈数字绘画技术对二维动画制作的影响》其他《探讨当前研究媒体的大学生使用社交网络的利弊》2019年5月 在《速读》上发表文章《探讨当前研究媒体的大学生使用社交网络的利弊》其他《浅论动画色彩的运用》2019年7月 在《戏剧之家》上发表《浅论动画色彩的运用》省市级壁橱2019年3月 发明壁橱外观设计专利其他浅谈数字绘画技术对二维动画制作的影响2018年8月 在《大众文艺》上发表文章《浅谈数字绘画技术对二维动画制作的影响》省市级探讨当前研究媒体的大学生使用社交网络的利弊2019年5月 在《速读》上发表文章《探讨当前研究媒体的大学生使用社交网络的利弊》省市级
337,366.0,白洋淀流域社会经济情况调研村庄都有河流，但是环境都不是太哈奥，之前也存在污水排放，垃圾堆积的问题，现在开始处理，村民对环境问题不是太关注，但是有些人也是有意愿出钱出力保护环境。其他京津冀协同发展带领小组成员撰写五千字的《保定白沟承接北京大红门批发市场产业疏解调研报告》 其他调研白沟箱包交易中心和动批服饰广场上次我们调研的白沟大红门服装城是和道国际动批服饰广场的前身，管理的更加规范，经营状况比之前好了一些，但是目前是比不上商户之前在北京，而且很多都是本地的商户，依旧任重道远。和道国际箱包交易商户经营都很好，但比较排外，调研比较困难，但还是有商户配合才进行下去其他
338,367.0,nannannan
339,368.0,nannannan
340,369.0,nannannan
341,370.0,nannannan
342,371.0,“厨房小家电产品体验性的设计研究”未结题其他
343,372.0,互联网金融支持辽宁省小微企业融资问题研究已发表论文：《智富时代》??2019年第二期第67页 国内统一刊号：CN44—1709/F 国际标准刊号：ISSN1004—0447 邮发代号：46—96发表日期：2019年3月25日其他
344,373.0,nannannan
345,374.0,nannannan
346,375.0,nannannan
347,376.0,金昌市金川区花卉产业发展带动效应的调查分析完成项目结题论文，并于2019年4月在期刊《中国集体经济》发表《金昌市金川区花卉产业发展带动效应》论文一篇。其他
348,377.0,nannannan
349,378.0,雾霾防护治理调查研究作为项目助理，结束了初期的数据收集整理工作国家级
350,379.0,nannannan
351,380.0,nannannan
352,381.0,nannannan
353,382.0,《稻壳/聚乳酸可生物降解复合材料的制备及性能研究》《一种界面改性稻壳粉/聚乳酸可生物降解复合材料的制备方法》发明专利一项。目前专利已公布，处于实审阶段。省市级
354,383.0,第十五届“挑战杯”全国大学生课外学术科技作品竞赛获得国家三等奖国家级第十三届“挑战杯”福建省大学生课外学术科技作品竞赛获得省级特等奖省市级大学生创新创业训练计划项目“快速城镇化对行道树生境发表《快速城镇化背景下行道树的生境胁迫及其适应性设计》、《中国传统园林水石庭的历史演变、区域演化及现代演用》两篇期刊论文其他发表论文5、台风灾害脆弱性评估的分析框架研究[J].福建师范大学学报(自然科学版)6、闽三角城市群生态安全动态评估[J].森林与环境学报7、山区贫困县贫困代际传递的特征与机制研究[J].福建师范大学学报(自然科学版)8、高温热浪对城市居民健身行为的影响——基于563份问卷调查分析[J]其他
355,384.0,nannannan
356,386.0,玉米酒精粕预处理及制备木材胶黏剂性能研究利用低成本的生物质原料开发出了可再生、环境友好型胶黏剂。国家级纳米靶向壳聚糖-熊果酸药物载体的合成在期刊《精细与专用化学品》发表论文《靶向羧甲基壳聚糖-熊果酸纳米药物载体的制备及表征》。其他
357,387.0,荒漠草原不同植被区土壤生态化学计量特征报告一份其他宁南山区坡改梯水土保持工程对黄土边坡稳定性的影响 结题报告，正在发表论文省市级降雨入渗下的宁南山区黄土梯田稳定性及优化设计研究结题报告一份，正在发表论文一篇国家级
358,389.0,《清代道咸时期隰州粮价的研究》完成论文《清代道咸时期隰州粮价的研究》，成绩为优秀。其他《这个共享不该冷——山西大学及周边共享单车遇冷问题完成论文《以山西大学为例看共享单车遇冷问题》其他
359,391.0,nannannan
360,392.0,江苏省古树名木时空分布与文化价值研究以第二作者的身份在期刊《江苏农业科学》公开发表题为《江苏省文化树种认知情况及园林应用》的学术论文。省市级
361,393.0,nannannan
362,394.0,nannannan
363,395.0,nannannan
364,396.0,nannannan
365,397.0, “汉乡蜀韵”中国传统蜀文化志愿传播实践团蜀绣、三星堆纹样装饰画、汉代画像砖拓稿、蜀文化周边（书签、挂坠、手机壳等）其他顾?苏社会实践团暑期社会实践通过采访当地居民、制作纪录片向大家展示苏州40年来改革开放的变化；制作画册、传统苏绣周边来传播苏州当地文化其他
366,398.0,nannannan
367,399.0,2019年度大学生创新创业训练计划项目进行中省市级
368,400.0,nannannan
369,401.0,nannannan
370,402.0,中国汽车产业价值链升级研究作为助理研究员主要从事大型国有企业汽车数据的整理，创新性提出国产汽车价值链不同的分类方式，对民营企业自主品牌价值链升级情况总结，协助导师完成中外汽车价值链的对比，参与最后市场换技术成功与否的讨论。国家级北京市科学研究与创业行动计划在《消费导刊》上发表4篇论文省市级
371,403.0,nannannan
372,404.0,nannannan
373,405.0,nannannan
374,406.0,nannannan
375,407.0,沉积物记录的中国西南地区过去2000年气候变化入选为北京高等学校高水平人才交叉培养“实培计划”大学生科研训练计划深化项目省市级
376,408.0,景观微气候对园林植物观赏物候期的影响完成了物候观测记录、测量数据、调查报告其他微环境对居住区自生植物群落物种组成的影响毕业设计仍在进行中其他保定市城乡规划设计院实习增加对园林专业的认识，同时于实践中锻炼学习了专业技能其他
377,409.0,nannannan
378,410.0,nannannan
379,411.0,nannannan
380,412.0,甲萘威水解动力学环境化学实验在云南化工发表一篇核心期刊省市级
381,413.0,透水铺装堵塞过程及不同清理方式效果实验研究1.	明确透水铺装的堵塞过程和最佳清理维护方法；2.	撰写并投稿科技论文一篇；3.	完成项目结题报告、总结汇报 PPT；4.	培育团队成员创新能力及科研素养。国家级
382,414.0,产业化扶贫背景下会计审计助推精准扶贫长效机制研究论文5篇，其中SCI检索1篇。《产业化扶贫背景下会计审计助推精准扶贫策略研究》；《纳税》。省市级
383,415.0,nannannan
384,416.0,nannannan
385,417.0,nannannan
386,419.0,nannannan
387,420.0,nannannan
388,421.0,香薰蜡进行创意开发获得“创青春”大学生创业大赛院级三等奖、“新思路”创意大赛校级三等奖。其他山东省巨野县省级城市森林建设总体规划辅助老师完成规划，并顺利结题其他尚景空中盆栽获第十一届“挑战杯”大学生创业计划竞赛金奖；“创青春”海尔山东省大学生创业大赛省市级挑战杯之尚景空中盆栽获第十一届“挑战杯”大学生创业计划竞赛金奖其他甲醛捕捉剂第五届山东农业大学“新生力”大学生科技创新大赛其他挑战杯之甲醛捕捉剂第十六届“挑战杯”大学生课外学术科技作品竞赛三等奖其他
389,423.0,nannannan
390,424.0,nannannan
391,425.0,nannannan
392,426.0,河北省中医药产业数字化转型升级研究通过对河北省安国市在数字化药都建设进程中，促进中医药产业数字化转型中取得的成绩、存在的问题及相关原因的调查研究，总结河北省中医药产业数字化转型的模式与路径，并针对转型过程中存在的问题提出了针对性的对策建议。省市级
393,428.0,nannannan
394,429.0,nannannan
395,430.0,教育培训市场的逆向选择问题完成《教育培训市场的逆向选择问题》投稿于《南京师范大学教育科学报》（审核中）其他
396,431.0,nannannan
397,432.0,纳米靶向壳聚糖-熊果酸药物载体的合成2018年以第三发明人申请一项国家发明专利“一种基于羧甲基壳聚糖的新型水溶性靶向纳米药物载体及制备方法”；2019年在期刊《精细与专用化学品》以第一作者发表文章一篇《靶向羧甲基壳聚糖-熊果酸纳米药物载体的制备及表征》。其他
398,433.0,nannannan
399,434.0,2017年北京市大学生科学研究与创业行动计划在《产业与科技论坛》发表论文《中国股权众筹发展研究》省市级2019年北京市大学生科学研究与创业行动计划在国际期刊《Journal of Simulation》发表论文《Study on the Influencing Factors of Collective Economic Development—Take Shijingshan District of Beijing as An Example》。同时，发表一项软件著作权《集体企业发展效率分析系统V1.0》。省市级
400,435.0,《传统金银器装饰图案的整理与设计应用》1、中国工艺美术史典型金银器专项学习资料库2、金银器装饰图案衍生的创新设计作品六件套3、项目研究报告其他
401,436.0,《工业+互联网+金融：思贝克转型供应链金融清华大学经济管理学院中国工商管理案例大赛三等奖国家级
402,437.0,农地确权对劳动力外出就业的影响研究以调查报告形式结题。其他论文论文《分析网络时代下的财务会计管理》—发表于《开封教育学院学报》，2019年3月刊其他论文2论文《市场经济下我国内部审计发展的几点思考》发表于《农村经济与科技》，2019年5月刊其他论文3论文《关于高校课程改革的思考—基于第十届山东省科技节企业管理信息化竞赛》，发表于《日照职业技术学院学报》，2019年第1期其他论文4论文《纳税筹划对财务管理的影响研究》—发表于《太原城市职业技术学院学报》2019年6月刊其他
403,438.0,nannannan
404,439.0,以山苍子油为主要成分的新型绿色驱蚊产品研制荣获长沙市第十五届大学生科技创新创业大赛本科生组优胜奖省市级长株潭城市群重金属污染耕地木本香料产品研发参加第七届中国创新创业大赛（湖南赛区）暨第五届湖南省创新创业大赛，晋级半决赛省市级
405,440.0,nannannan
406,441.0,nannannan
407,442.0,学生视角下的地理综合实践的途径与方法首都师范大学本科生科学研究与创业行动项目成果其他
408,443.0,nannannan
409,444.0,nannannan
410,445.0,中国社会科学院大学“知行社科”暑期实践项目《关于大鹿岛的海洋环境及旅游发展状况的调查报告》、调研视频制作、图片拍摄其他中国社会科学院大学“人文新苗计划”科研项目《农村低端产品消费现状研究》调研报告  （结项中，尚未评奖）其他
411,446.0,三角梅四个品种离体组培快繁技术比较研究此项目是本人的毕业设计，于2018年9月开始，预期于2019年11月结束其他不同栽培方式下血叶兰营养价值的比较分析 第九届“挑战杯”海南省大学生课外学术科技作品竞赛 三等奖省市级
412,447.0,薄壳山核桃高效育苗技术?	2019年3月 论文《薄壳山核桃电热法催芽技术》（第一作者）获第四届“兴农杯”课外学术作品大赛 三等奖；?	2019年4月 实用新型专利《一种薄壳山核桃种子育苗床》 申报人（审批中）；其他
413,448.0,《圾动人心美丽乡村计划》《圾动人心美丽乡村计划》获得大学生创业训练计划项目省级立项省市级农村生活垃圾处理问题探究以白洋淀生活垃圾处理为例获得大学生创新训练计划项目省级立项省市级“鲜到家”优质蔬菜网络运营平台  获得校级三等奖其他《产业集聚与区域经济竞争力提升的互动效应研究》发表论文，为第一作者省市级《利率和利率市场化改革协同推进的宏观经济效应研究》发表论文，为第一作者省市级《基于区域经济发展角度探讨产业结构转化问题》发表论文，为第一作者省市级《济南市泉水直饮点不文明行为研究》发表论文，为第二作者省市级
414,449.0,《融资阶段与创始人控制权保护》作为校级大学生创新创业训练计划重点项目《基于股权视角对上市公司融资不同阶段创始人控制权保护问题的研究》负责人，完成《融资阶段与创始人控制权保护》文章，项目获得校级优秀项目评定，在学院第六届“卓越商才”学术论坛中获得一等奖。其他《前任CEO离职去向对国有企业战略变革的影响》在老师们的带领下，完成了实证论文的撰写工作，通过描述性统计、相关性分析、主回归分析、稳健性测试等方法，实证研究了国有企业CEO变更情境下前任CEO的离职去向如何影响新任CEO的战略选择，证明了从行政逻辑向经济逻辑变迁的过程，文章目前处于投稿阶段。其他Environmental uncertainty and  strategic changes作为通讯作者，完成英文论文的撰写，采用相关性分析、回归分析等方法实证检验了环境不确定性对企业战略转型的影响，以及这种影响是否因政治联系和家族涉入的存在而有所差异，文章投稿于《Journal of Family Business Management》杂志(审稿)其他《新兴重工集团发展中的管控策略研究》与集团市场部负责人合作完成《新兴重工集团发展中的管控策略研究》文章，通过访谈法与文献研究法，梳理集团发展脉络，以市场营销职能为例，讨论了新兴重工集团在现阶段所面临的管控问题，并依据模块化理论提出相应对策，文章发表于《当代经理人》杂志。其他《校园快递末端配送模式调研和方案设计》通过深入访谈、问卷调研等方式，对校园快递末端配送进行调研与方案设计，调研报告《校园快递末端配送模式调研和方案设计》在2019年全国高校商业精英挑战赛经贸物流实践竞赛中获得全国二等奖。国家级探究正大优鲜“社区+”生鲜零售模式的市场调研报告通过深入访谈、问卷调查等方式，建立统计模型，聚焦“社区”的社会有机体，提出 “社区厨房”的概念，结合传统生鲜零售店和场景快餐店的模式，为正大的生鲜便利店智慧零售模式的探索提供了我们的解决方案，获得北京市三等奖、校级一等奖。省市级
415,450.0,nannannan
416,451.0,蜕变日志—人才造就方案大创项目《蜕变日志—人才造就方案》市级立项并结项省市级《大学生创业项目创业方案可行性研究》论文《大学生创业项目创业方案可行性研究》在《现代商业》发表省市级
417,452.0,nannannan
418,453.0,nannannan
419,455.0,nannannan
420,456.0,nannannan
421,457.0,nannannan
422,458.0,nannannan
423,459.0,nannannan
424,460.0,疏浚底泥制作免烧砖研发团队将疏浚底泥制成干化泥粉，再通过加入胶凝材料裹壳制成免烧陶粒，用以制备免烧砖，制备过程不需要烧结或蒸发，减少了制备过程中利用粉煤灰发电的用量，不仅降低生产成本，更降低了二氧化碳的排放，减少大气污染。国家级论文和田地区教育扶贫的具体建议 1、 关注贫困群体的真实需求 2、 加强宣传力度 3、 鼓励社会力量参与其他发表论文nannan
425,461.0,nannannan
426,462.0,针对拖延症的劝导式交互产品设计研究发表文章名称：《针对大学生拖延症的劝导式交互产品设计研究》杂志名称：《设计》（国内统一刊号为：CN11-5127/TB、国际标准刊号为：ISSN1003-0069） 2019 年第 8月录用。其他
427,463.0,《湖南新佑汖环境工程有限责任公司》2018年“创青春”全国大学生创业大赛银奖国家级南美白对虾消费者偏好及市场定位研究以衡阳市为例正大杯第九届全国大学生市场调查与分析大赛总决赛三等奖（负责人）国家级基于生态民生视角的尾矿库周边居民现实困境与对策研究“挑战杯”全国大学生课外学术科技作品竞赛湖南省三等奖省市级农村环境综合治理背景下农业企业土地利用行为调查大学生创新创业训练计划项目国家级立项（主持人）国家级
428,464.0,nannannan
429,465.0,nannannan
430,466.0,nannannan
431,467.0,户外运动场多功能便利储物柜国家实用新型专利一项全国大学生创新创业训练计划省级项目省市级
432,468.0,大学生科学研究与创业行动计划共发表两篇论文，《在线教育模式对大学教育的影响》和《大学生在线教育市场发展现状及建议》省市级
433,469.0,nannannan
434,470.0,nannannan
435,472.0,黄水用于雨生红球藻产虾青素及水质净化效能的研究研究成果参加全国水处理及回用学术会议并发表摘要。成果申请国家专利一项。其他北京市大学生节能减排竞赛获得市级三等奖省市级
436,473.0,nannannan
437,475.0,彝族大学生自我肯定对民族刻板印象威胁的抵御作用自我肯定对民族刻板印象威胁具有抵御作用，可以成为彝族大学生抵御威胁的有效方法其他心理讲座助手锻炼了沟通、协调能力；熟悉了心理健康讲座如何开展其他心理辅导工作者学会了更加包容的面对世间的“恶”，同理心、共情能力、开放度都得到了增强。其他团辅领导者学会了如何针对小学生群体设计活动、引入问题、开展团体辅导等，并且积累了团体辅导的实践经验其他
438,476.0,nannannan
439,477.0,《探究大学生享乐性购物动机和消费方式转型的关系》nannan
440,478.0,nannannan
441,479.0,校园吉祥物外观设计专利吉祥物外观设计图、六视图、设计说明等。国家级发表论文——《美学原理与赏析——论园林中的意境美》见刊于省级刊物《广东蚕业》，第一作者。省市级发表论文《结合保定市城市规划分析城规、控规与修规》见刊于省级期刊《城市周刊》，第二作者。省市级发表论文《风景园林建筑调研与分析》见刊于省级周刊《魅力中国》，第二作者。省市级
442,480.0,环境污染程度与公共道德水平的相关性研究以内蒙古为例项目在进行阶段，暂无项目成果。其他
443,481.0,nannannan
444,482.0,nannannan
445,483.0,nannannan
446,484.0,nannannan
447,485.0,2018年北京市大学生科学研究与创业行动计划以第一作者在《全国流通经济》上发表“企业环保投资与企业竞争力研究”其他2019年北京市大学生科学研究与创业行动计划以第一作者在《科技经济导刊》上发表“北京地区民营科技企业资本结构优化研究”其他2019年北京市大学生科学研究与创业行动计划（2）以第二作者在《现代经济信息》上发表“北京地区民营科技企业集团化发展融资问题研究”其他北方工业大学学生科技活动项目以第一作者在《智库时代》上发表“北京地区软件和信息技术服务业上市公司的政府补助与经营绩效的相关性研究”其他
448,487.0,内蒙古大兴安岭主要乔灌树种理化性质及抗火性研究被西南林业大学期刊接收国家级
449,488.0,nannannan
450,489.0,nannannan
451,490.0,河南省黄河滩区脱贫攻坚模式研究项目组已把整理完毕的数据上报给了省农科院课题组省市级河南省财政厅重大公益项目——河南省教育厅“出彩中原实践活动报告已经送至了省财政厅。 省市级
452,491.0,95后大学生恋爱观的影响因素帮助“95后”大学生树立积极向上的恋爱观，诸多方面需要共同努力，良好的社会氛围、和谐的家庭环境、积极的校园风气和大学生自身的努力都不可或缺。其他小城这40年改革开放是一股强大的历史洪流荡涤着我的小城，洗去铅华来昂首迎接新时代。我感谢改革开放这一伟大政策给我的小城和我们的国家带来的发展变化。作为一名大学生，我应当提高自身综合素质，夯实专业基础，适应快速发展的社会，努力成为国之栋梁，为改革开放和社会未来贡献力量省市级
453,492.0,nannannan
454,493.0,nannannan
455,495.0,菊花嫁接方法的优化提交专利一项：一种简单高效的菊花嫁接方法国家级杭白菊、金丝皇菊烘茶对烘茶技术有了初步了解其他国家苹果实验中心实验熟练掌握组培技术其他
456,496.0,大学生校级创新创业训练计划正在撰写论文其他
457,497.0,nannannan
458,498.0,梁希杯大学生课外学术科技作品竞赛梁希杯复赛其他
459,499.0,nannannan
460,500.0,nannannan
461,501.0,nannannan
462,502.0,开普茶叶品牌包装设计已商用国家级
463,503.0,第五届互联网+校级金奖，省级铜奖省市级2018创青春获得河北省创业大赛二等奖省市级
464,504.0,高校第二成绩单的研发与设计目前已完成各个界面信息的增删改查其他高校社团综合管理系统nannan
465,505.0,主持国家级大学生创新创业训练项目1.在《明日风尚》期刊发表论文《基于互联网+的头脑风暴APP设计》2.在《西部皮革》期刊发表论文《浅析个性化定制与头脑风暴APP设计》国家级第十三批科技创新项目实物其他
466,506.0,智慧农村助手目前正在开发智慧农村助手APP和微信小程序，已有微信公众号省市级
467,507.0,WPU乳液合成及其增强大豆蛋白胶黏剂性能研究实验中通过对聚氨酯乳液分子结构调控，从分子水平揭示功能化聚氨酯/交联机多种交联体系增强胶接结构的形成机制及胶接增强机理。其他PDA@MFC/巯基化聚氨酯乳液合成及改性大豆蛋白胶黏剂实验过程中，制备出基于仿生改性的巯基化聚氨酯乳液增强大豆蛋白胶黏剂，通过各项测试得出，改性后的豆胶胶接强度显著提高，热稳定性得到改善。投稿SCI论文一篇。省市级
468,508.0,nannannan
469,509.0,2017大学生创新创业大赛-同优创意定制1.同优创意工作室成立。2.发表论文一篇，外观设计专利一项。3.设计产品若干：A）	创意拼接笔筒B）	特色杯垫C）	榉木板手机支架D）	定制名片盒E）	定制相册F）	激光雕刻笔筒G）	小型钥匙扣H）	各种尺寸的水晶摆件省市级2019互联网+-F·G水果采摘设备实体模型一个互联网+校级一等奖其他海尔冰箱干湿分离区设计完成设计项目，并投产。其他开立美容仪研发公司已定稿，产品待投产。其他
470,510.0,nannannan
471,511.0,中国传统书法艺术与中医衍生品设计论文全新的中药产品的系列设计针对大学生普遍存在的5中亚健康问题，针对亚健康，可以使用中药纸、中药贴等产品，致力于提供一种更为便捷、创新、趣味的“治疗”方式。同时结合传统书法艺术，设计出既新颖又具中国文化特色的新式产品。省市级便携式办公扫描仪山东省机电大赛二等奖省市级Whale chair鲸鱼仿生设计山东省工业设计大赛一等奖省市级
472,512.0,PETAXI宠物出行平台设计得到完整的宠物出行线上、线下服务设施，并获得UXDA国际用户体验大赛全国三等奖，企业组第三名，目前该项目正于TANG+孵化。TANG+孵化。其他
473,513.0,nannannan
474,514.0,nannannan
475,515.0,nannannan
476,516.0,nannannan
477,517.0,nannannan
478,518.0,nannannan
479,519.0,nannannan
480,520.0,nannannan
481,522.0,大学生创新创业项目发表了《企业风险管理视角下共享单车企业盈利模式探讨》，《共享单车行业发展面临的困境》以及《ofo小黄车面临的企业风险及对策》论文三篇，以摩拜单车以及ofo小黄车为例研究了共享单车企业面临的各项风险并为共享单车企业企业提出了对策建议。其他
482,523.0,nannannan
483,524.0,nannannan
484,525.0,ui项目提升自身水平其他vi项目锻炼自己设计水平其他设计创意墙项目得到了河北大学财务部的认可其他
485,526.0,nannannan
486,527.0,nannannan
487,528.0,炫彩木韵-彩色单板层积材获得第十二届河北农业大学节能减排二等奖其他荷木科技-户外超疏水木材专家获得第五届互联网加省赛铜奖省市级
488,529.0,数据课栈短视频视阈下大数据普“慧”新模式探索研究已建立抖音号，定期发送视频，将有趣味性的动态知识传递到大众手中，已获数百次点赞量，目前发布视频7个。省市级“三下乡”大学生社会实践活动完成《大美兴县，美丽乡村建设在路上》调研报告，同时，我撰写的《山西财经大学学子三下乡，助力振兴谋发展》一文，在中青校园上发表；小组成员共同完成的《美丽乡村建设评价指标体系构建及应用》先后获得“山财挑战杯”特等奖和“兴晋挑战杯”山西省一等奖。其他太原市六城区公共服务领域调查项目形成调研报告其他“菜篮子工程”满意度状况调查形成调研报告其他
489,530.0,纳米纤维素基磁性气凝胶对水中重金属离子的吸附纳米纤维素和四氧化三铁的最优质量比例是1:1nanPU泡沫的回收及在人造板材中的应用研究2019年第16届“挑战杯”参赛论文省市级
490,531.0,暑期三下乡社会实践获得校级实践先进个人其他
491,532.0,nannannan
492,533.0,《3D打印木材原料制备及性能研究》从杉木中提取出纤维素，半纤维素及抽提物，并分析得到在杉木中的化学成分含量，测试得到杉木木粉及纤维素，半纤维素的物理性能。其他
493,534.0,nannannan
494,536.0,nannannan
495,537.0,nannannan
496,538.0,nannannan
497,539.0,nannannan
498,540.0,nannannan
499,541.0,政府对草原牧民的精准扶贫力度调查获院级2017年暑期社会实践二等奖其他
500,542.0,高压电网监测卫士在这期间里，我们每天熬夜至深夜，钻研探讨项目，查找进步空间。我从国家政策、行业形势、现状弊端、市场需求等等方面做了详细的了解，根据产品本身找出了销售的最佳渠道方式，提出了不同阶段的营销策略。通过集体合作和创新探索，项目荣获了国家铜奖，大家的努力得到了证明国家级秦巴筑梦，守望药魂—应用辰奇素的中草药种植及销售与陕西省乾隆高科有限公司董事长合作，创造了应用辰奇素的中草药种植及销售扶贫项目，应用健康、安全、无污染的绿色农药帮助集中连片贫困地区的农民脱贫，助力国家实现全面小康的伟大目标，得到了学校和企业的大力支持，也得到了陕西省乾隆高科有限公司的特许授权，被学校作其他
501,543.0,nannannan
502,544.0,nannannan
503,546.0,nannannan
504,547.0,人民币国际化的主要影响因素及对策研究发表题目为《离岸人民币债券市场的发展对人民币国际化的影响》、《“一带一路”建设对人民币国际化的冲击研究》的学术论文两篇其他
505,548.0,nannannan
506,550.0,nannannan
507,551.0,基于用户体验的国家级风景名胜区建设评价《世界林业研究》（核心期刊）审稿中国家级《整体增速 938%，蓝河如何掘金千亿绵羊奶市场》中国管理案例中心 审稿中其他四年入驻超 400 个高校， 近邻宝：校园快递的价值创造中国管理案例中心 审稿中其他
508,552.0,nannannan
509,553.0,校创意花园全校第六其他漳州花卉和厦门园林植物考察   无其他
510,554.0,nannannan
511,555.0,《牡丹叶色突变体形成的生理机制研究》STRP项目结题其他
512,556.0,nannannan
513,557.0,nannannan
514,558.0,nannannan
515,559.0,铁氧体及杂多酸协同微波强化处理典型抗生素该项目还在实验中，预计发表论文一篇。国家级
516,560.0,抗性砧木对‘赤霞珠’葡萄生长及果实品质的影响撰写论文其他
517,562.0,nannannan
518,563.0,nannannan
519,564.0,“大学生创新创业训练计划”项目该项目实现了创新，其中首次将模拟公司运营引入第五方物流研究，并发表了两篇相关论文，获得国家级结项。国家级“创青春”大学生创业大赛通过对市场当前情况的分析以及财务预算分析，初步制定出项目产品研发计划。其他第二届“互联网＋”大学生创新创业大赛将产品研发销售与互联网平台相结合，拥有初步的研究策略。其他全国高校企业价值创造实战竞赛获得校赛一等奖其他实验室创新基金项目项目中期结束，预计2019年末结题其他论文在期刊《商业经济》发表省市级发表论文被期刊《现代商业》录用，10月见刊国家级
520,565.0,《以精细化管理视角看竹山县农村托管中心的运营管理》在《价值工程》上发表其他《网络对留守儿童的利弊分析及留守儿童网瘾成因本质研在《中文科技期刊数据库（全文版）社会科学》上发表其他
521,566.0,帝国日本における国語の形成比赛结果尚未公布其他
522,568.0,nannannan
523,569.0,nannannan
524,570.0,nannannan
525,571.0,MGK--打造你的专属DIY美甲发表EI检索论文国家级乡村振兴战略视角下产业扶贫模式探究本课题的最终研究成果在理论研究与实地调研的基础上形成项目调研报告书1份。省市级
526,572.0,nannannan
527,573.0,“宠爱”智能宠物饲养系统制作了宠爱APP以及“智能宠物家”模型其他
528,574.0,nannannan
529,575.0,紫盾科技-防水插排获得多个学术性比赛奖项省市级
530,577.0,nannannan
531,578.0,nannannan
532,579.0,nannannan
533,580.0, 高校课堂师生互动教育APP（大学生创新创业项目）项目进行到中期，已撰写8000字初稿省市级
534,581.0,nannannan
535,582.0,创新创业：打造京津冀历史名街-文化产业创意街的规划以校级A类顺利结项，并发表两篇省级论文“历史文化街区的改造创新做法—以保定市西大街为例”和“古街区历史文化资源普查与现状分析——以河北省保定市西大街为例”。其他
536,583.0,微塑料对典型水华藻光合作用的影响明确了不同浓度微塑料对两种水华藻生长及光合作用的影响；明确微塑料对水华藻不同生长阶段的影响作用不同。其他
537,584.0,民间非法集资现象的调查研究研究结果：一、非法集资主要诱因集中于多个方面，正规金融供不应求，民间借贷操作不规范，群众理财渠道不足且缺乏对非法集资的认识，缺乏法律法规约束机制等。二、防范农村非法集资措施建议。发表结题论文于《现代商业》。其他互联网金融视角下“庞氏骗局”风险与防范发表论文于《农村经济与科技》其他“一带一路”战略下商业银行发展方向发表论文于《热带农业工程》其他
538,585.0,nannannan
539,586.0,人工智能与企业财务转型互动效应及制度优化研究1.完成调研报告，就财会行业存在问题、影响因素、发展趋势及优化方案进行总结报告；2.调研走访安徽鑫诚会计师事务所、蚌埠市审计局，与工作人员工作探讨，形成访谈记录；3.实践通过蚌埠市共青团、安徽财经大学微博等进行宣传；4.我在本次实践获得“先进个人”的称号。其他发展特色产业，带动精准扶贫——关于金寨县的调研nannan
540,587.0,四川省社会科学规划项目——时间维度下的西蜀园林造园梳理西蜀园林发展，保护西蜀园林的地域特征，为西蜀园林传承及其在当代风景园林实践省市级眉山市社会科学研究课题——三苏祠与苏东坡陶情田园思突出苏东坡陶情田园思想及风景园林现实指导意义。省市级
541,588.0,nannannan
542,589.0,nannannan
543,590.0,北京林业大学大学生创新训练项目在《林业机械与木工设备》上发表论文《马来酸酐接枝增强玄武岩纤维竹木胶合板胶合性能的研究》其他
544,591.0,安徽师范大学2018年本科生优秀毕业论文培育计划目前开题报告已完成其他
545,592.0,校erp比赛三等奖其他
546,593.0,《Green Winner恩彼得汽车节能环保专利产品》在“建行杯”2018年第四届河北省“互联网+”大学生创新创业大赛中荣获银奖省市级《京津冀城市高龄老人长期照护问题研究》在2019年“挑战杯”课外学术科技作品竞赛中荣获校级三等奖其他《X-Acoustic品牌 -MRR微共振新型电枢扬声器》在2018年“创青春”全国大学生创业大赛中荣获校级三等奖其他《机内净化-汽车内燃机零部件节能环保体系》在“建行杯”2019年第五届河北省“互联网+”大学生创新创业大赛中荣获省级金奖省市级
547,595.0,人格特质、父母态度与大学生情侣关系质量的相关分析通过科研训练并且获得优秀等级评价其他
548,596.0,nannannan
549,597.0,北京市平谷区集体土地征地和集体土地房屋拆迁补偿标准调查数据的收集与处理、《实地调查计量分析》省市级技术革命与城市化文字的加工处理、文章内部的框架结构图省市级京津冀地区森林康养主题田园综合体市场调研问卷收集及数据处理国家级基于实验经济学的住房信息市场机制设计与运行”，国家论文《上市物业服务企业股权结构特征研究》被世界华人不动产学会 2019 年年会正式接收.国家级2018年农民工生活状况调查项目实地走访调研、录入问卷国家级物业研究发表论文：[1]付冬媛nan物业企业研究胡景晔nan
550,598.0,nannannan
551,599.0,nannannan
552,600.0,nannannan
553,602.0,英语玩转大连话nannan
554,603.0,nannannan
555,604.0,nannannan
556,605.0,南水北调工程源头的河工小镇水景水质规划提质研究发表SCD论文一篇《中国水运》其他基于拼多多营销策略下消费者的心理分析发表论文一篇在《经济研究导刊》其他使用熵权法从消费者体验视角评价主要网络购物平台nannan基于消费者对不同种类商品购物意愿评价主要网购平台《物流工程与管理》论文一篇其他中国古代美术中的简约之美及当下应用《美与时代——美术学刊》论文一篇其他浅析中国当代媒体影响下女性地位提升过程中的问题《大众文艺》论文一篇其他
557,606.0,重庆酸雨条件下抗酸雨树种的选择撰写一篇论文《重庆地区四种植物抗酸雨缓冲能力研究》省市级
558,607.0,nannannan
559,608.0,nannannan
560,609.0,nannannan
561,610.0,nannannan
562,611.0,nannannan
563,612.0,nannannan
564,614.0,nannannan
565,615.0,nannannan
566,616.0,nannannan
567,617.0,nannannan
568,618.0,nannannan
569,619.0,The Flipped Classroom Mode: An Innovative Practice暂无其他
570,620.0,nannannan
571,621.0,“第十七届发审委对IPO能否顺利过会的影响”以第一作者在《时代金融》杂志发表《对新一届发审委审核视角的观察——以湘北威尔曼与重庆华森为例》的文章。省市级
572,622.0,nannannan
573,623.0,微胶囊型木塑相变储能材料制备与界面结构表征结题报告一份发表一篇期刊论文省市级
574,624.0,国家级大学生创新创业训练项目1.确认在氨气氛围下可以实现产物的转化，为生物质利用提供新技术2.发表一篇SCI论文（第二作者，一作为指导教师）3.为产物转变找到最佳催化剂ZnO/HZSM-54.找到实现原料最大转化率的最佳温度为600℃国家级大学生抗挫能力与生活1.了解在校生心态，为学校开展相关的心理素质教育提供参考2.为新生、同学及自身提供方向，正视自己的心理问题，从根源去认识挫折，以正确的心态对待挫折和失败。其他不同疲劳强度对注意力分配的影响1.不能同时进行两种都需要有意注意的任务，会让效率更低。若其中一种属于随意后注意的任务，同时进行可以提高效率。2.同学们在工作安排方面得到启发，学习之前可通过一些方法，将自身状态调整到最适合的状态，会使效率提高。其他
575,625.0,针对抖音短视频用户数据的情感分析与社会关系网络构建完成模型的论文撰写：抖音评论的情感分析和影响机制研究——以西单大悦城新闻事件为例其他干预焦虑抑郁情绪的虚拟现实场景的构建完成模型构建，并撰写初步论文省市级
576,626.0,nannannan
577,627.0,nannannan
578,628.0,nannannan
579,629.0,nannannan
580,631.0,农户农业清洁生产行为影响因素及引导措施研究2019.06 校级大创立项其他金融发展、双向FDI与碳排放2019.09 文章发表于《价值工程》其他
581,632.0,nannannan
582,633.0,国家林草局“集体林权制度改革监测”项目完成第一作者论文一篇《林权流转对农户家庭生计的影响分析》国家级南方集体林区乡村振兴定点监测与发展现状研究完成案例的撰写其他
583,634.0,nannannan
584,635.0,nannannan
585,636.0,无人驾驶车辆场景模拟仿真试验平台发表《基于STM32的智能寻迹避障小车》论文一篇申请《无人驾驶车辆场景模拟试验平台》软件著作权一项其他
586,637.0,浙江省大学生证券投资竞赛进入决赛操盘省市级“挑战杯”大学生创业计划竞赛-超级自习室项目校赛三等奖其他《中国木质林产品贸易的互补性与贸易潜力研究》发表于《林业经济》其他《共享经济：资源共享， 还是“圈地运动”？》学生社会实践教学优秀论文其他《长三角一体化发展的驱动因素研究—基于哈肯模型》正在发表中其他软著-爱记账APP计算机软件著作权其他软著-简易经济分析APP软件计算机软件著作权其他
587,638.0,nannannan
588,639.0,探究人工智能趋势下财务机器人对会计从业人员的影响调研报告 国家级
589,641.0,武当山明代古桥遗存现状调查研究测绘图纸、初步模型国家级2018年“行知”旅行奖展示展板其他
590,642.0,nannannan
591,643.0,nannannan
592,644.0,“学创杯”2017全国大学生创业综合模拟大赛北京市赛一等奖省市级“学创杯”2017全国大学生创业综合模拟大赛国赛国赛一等奖国家级第三届中国“互联网+”大学生创新创业大赛北京赛区三等奖省市级论文于《长江丛刊》见刊省市级大创于《科技创新导报》见刊省市级
593,645.0,大创已顺利结题其他外研杯英语辩论赛校选赛三等奖其他
594,646.0,高校大学生订购外卖次数影响因素的调查及回归分析论文被知网收录，发表在普刊《青春岁月》2019年5月刊物其他财务会计软性信息与资本市场论文国家级
595,647.0,nannannan
596,648.0,中国外汇市场投资者情绪对有效汇率的影响研究外汇市场投资者情绪值词典的构建；利用建立的投资者情绪指数进行以后的预测分析具有可行性；基于投资者情绪指数和有效汇率的双向反馈机制，模型具有可解释性；根据已有研究，基于行为金融理论的假设适用于中国股票市场，但本研究证明其假设并不完全适用于我国外汇市场。省市级煤炭行业化解过剩产能中职工就业安置问题研究针对煤炭企业在去产能过程中职工就业安置存在的难点，如资金短缺难以支撑职工安置、企业内部流转岗岗位少等十类问题提出针对性对策。国家级
597,649.0,新中式儿童家具设计与研究一篇学术论文两项方案设计，并申请专利其他
598,650.0,LED光质在蓝莓组织培养不同阶段的影响及优化应用无其他
599,651.0,nannannan
600,652.0,大学生创新创业训练计划——“公益读书”项目在校级项目中立项，成果主要包括项目计划书与调查报告。其他暑期和周末学术研讨会研讨会中所讨论文献的PPT报告以及心得分享其他赴北京大学交流学习收获了很多不同方面的经济学知识，有外出学习经历，认识了更多的同学和老师。其他
601,653.0,SRTP兰州市安宁区银滩湿地公园植物景观研究按时结题，成绩良好其他
602,654.0,nannannan
603,655.0,nannannan
604,656.0,低温胁迫下转基因金山绣线菊GPX基因的响应表达院级立项成功，校级立项失败，未曾开展。其他华北绣线菊GPX基因遗传转化烟草的研究1.抗寒绣线菊资源筛选及抗寒基因GPX的克隆 2.构建了pCAMBIA –GPX表达载体3.利用农杆菌将目的基因转化到烟草植株中4.叶盘法遗传转化烟草及其植株再生5.验证了基因的功能其他寒地观赏草资源评价及景观设计应用研究1.将多种寒地观赏草资源进行调查及汇总。2.针对寒地观赏草的形态及生长特性，进行其景观设计应用的前景评价。3.根据观赏草的特性和观赏价值，结合寒地观赏草综合评分表，得出相关草种在实际应用中的建议。其他
605,657.0,nannannan
606,658.0,基于微信小程序的学生活动管理平台设计与实现结项评级优秀，发表核心期刊论文1篇，登记软件著作权3项，获中国地质大学（北京）“创新杯”课外学术科技作品竞赛优秀奖。国家级
607,659.0,无患子种实成熟度及其内含物含量动态变化研究顺利结题，评定等级：良好其他
608,660.0,中国主要城市公共空间日语规范化问题研究—以北京为例实地调查北京市、上海市、浙江省杭州市、浙江省宁波市、浙江省金华市、山东省青岛市、辽宁省大连市、辽宁省沈阳市、安徽省黄山市共计9个城市nan
609,661.0,nannannan
610,662.0,nannannan
611,663.0,nannannan
612,664.0,nannannan
613,665.0,白桦不同无性系对配方施肥的生长响应及选择目前项目成功延期，预计2020年5月结题。国家级
614,666.0,nannannan
615,668.0,nannannan
616,669.0,“互联网＋”背景下山西省农产品交易模式创新研究分析我国“互联网+”山西农业的参与主体，以信息技术获取及应用为主线分析“互联网+”山西农业的主要组织模式、模式之间的差异及模式的适用性；在构建“互联网+”山西农业运行效果评价模型的基础上，利用调研数据对模型进行检验，建立买卖双方及第三方充分信任的农产品交易平国家级
617,670.0,nannannan
618,671.0,岩溶区固氮树种及其种植模式对土壤Nnannan
619,672.0,我国经济体制转型中的企业创新模式探讨2019年5月以第一作者在国家级期刊《全国流通经济》发表学术论文《我国经济体制转型中的企业创新模式探讨》，该文归纳总结了我国企业管理模式创新现状.国家级金融市场改革背景下银行信贷风险管控模式探讨2019年3月以第一作者在国家级期刊《商讯》发表学术论文《金融市场改革背景下银行信贷风险管控模式探讨》，该文提出了提升银行信贷风险管控的水平策略国家级
620,673.0,nannannan
621,675.0,nannannan
622,676.0,枸杞叶多酚对樱桃番茄贮藏的保鲜效果参加第五届“互联网+”获得宁夏大学金奖和宁夏回族自治区银奖、?参加第二届全国农科学子创新创业大赛“未来农业奇思妙想创意赛道”项目获西北片区二等奖、国家级大学生创新创业项目正在撰写论文一篇国家级马铃薯醋酸发酵饮料开发参加国家级大学生创新创业项目并结题、参与宁夏黄土地农业食品有限公司马铃薯深加工产品研发工作，中央领导汪洋进行了视察和产品品尝。国家级宁夏不同产地中国沙棘叶片中黄酮含量及其抗氧化活性参加第十一届“挑战杯”获得宁夏回族自治区一等奖、?参加第二届全国农科学子创新创业大赛”“现代作物科学创新发展赛道”项目获西北片区三等奖。省市级银川市彩叶植物的景观应用参加校级大创项目结题。以第一作者发表论文一篇，以第二作者发表论文一篇。其他
623,677.0,大学生情侣的相似性和互补性对恋爱质量的影响正在撰写文章省市级
624,678.0,银川市彩叶植物的景观应用nannan降雨入渗下的宁南山区黄土梯田稳定性及优化设计研究撰写论文一篇国家级
625,679.0,nannannan
626,680.0,nannannan
627,682.0,四川洪雅林场多功能森林经营样板基地经营效果评价完成了相关课题结题报告其他
628,684.0,nannannan
629,685.0,nannannan
630,686.0,雄全异株植物青楷槭的繁育系统检测及维持策略研究已经判明青楷槭仅仅为形态上的雄全异株，在功能上是雌雄异株植物。到结题此时已有一篇论文处于在投状态。省市级
631,687.0,可可球二孢菌对橡胶木染色效果和力学性能影响研究 可可球二孢菌落的最适生长环境为酵母膏9g/L、葡萄糖20g/L、pH值弱酸性、硫酸镁1.0g/L、硫酸亚铁0.03g/L、氯化钾0.2g/L；随着时间的增加，橡胶木表面的染色面积比逐渐提高，颜色逐渐由红黄到蓝绿色系，整体颜色逐渐变暗，耐光色牢度逐渐提高，静态接触角提高10.25%省市级
632,688.0,跟随老师参与室内测定及野外采样等工作《河北燕山苹果产区土壤肥力与施肥现状评价》--核心期刊《中国果树》（第一作者）（已拿到录用通知）其他
633,689.0,nannannan
634,690.0,以网络途径侵犯著作权的法律问题研究项目总结报告、宣传推送、调查问卷及数据分析、采访记录省市级“阳光常驻”暑期实践团实践报告等省市级
635,691.0,nannannan
636,692.0,nannannan
637,693.0,Asthsmile-e儿童哮喘护理服务系统打造个性化的“治疗监护服务系统”。通过智能软硬件的结合，组成一个完整的全流程护理辅助系统国家级《鲸》信息可视化网站信息可视化网站其他BUBBLE  BATTLE使游戏双方从过去单一的玩法到竞技类的玩法，提高游戏的趣味性和竞争性其他网易设计邦改版首页从之前的聚合类信息到信息流交互方式的改版，并新增设计师入驻功能，提高设计师的曝光率和用户选择权。其他逗点run-概念游戏设计成为三维的游戏场景，增加了游戏的交互难度，提高游戏节奏类游戏的挑战性，吸引更多音乐节奏资深玩家。其他《当代集团发布会H5》以“度量时光”为主题的作品，展示当下人们的生活片段，总结时光的意义。其他《花开四季》我负责春天的花卉的设计，组织春季小组人员进行设计，通过水彩的方式对画面进行处理，展现春日的绚烂与活泼。国家级
638,694.0,nannannan
639,695.0,nannannan
640,696.0,nannannan
641,697.0,魔芋提取物制备木材防霉剂发表中文核心期刊论文一篇国家级
642,698.0,几种桂花精油的提取及其在新功能白酒中的应用1.综述《桂花精油提取工艺研究进展》审稿中。2.《Comparative study of the extraction methods of Osmanthus essential oil and its component based on GC-MS analysis》撰写中。3.桂花酒包装外观专利申请中。省市级弗利家居——功能型家具定制平台第五届中国“互联网+”大学生创新创业大赛北京市三等奖；北京林业大学第七届大学生创业大赛十佳创业项目。省市级
643,699.0,nannannan
644,700.0,nannannan
645,701.0,菌根特异诱导基因Kinesin和Polyketide cyclase的功能暂无其他新西兰食品与植物研究所交流学习小组例会的项目展示其他石竹花色研究目前正在进行组织培养保存增加植物材料，为后续实验做准备。其他矮牵牛转基因雄性不育性状转育的初步研究已经选择表型接近H001的F2不育株与F1植株回交，采收BC1代种子。省市级
646,702.0,nannannan
647,703.0,草甘膦施加对土壤酶、微生物和有机碳的影响已完成中期检查其他
648,704.0,柠条多倍体诱导及鉴定发表中文核心期刊一篇（第二作者）其他
649,705.0,土壤-凋落物界面微生物和酶对不同碳源氮源处理的响应已基本完成文章初稿1篇。国家级
650,706.0,湖滨带土地利用异质性对大庆城市湖泊湿地水环境的影响研究结果弥补了以往研究仅从特定缓冲区尺度或者流域尺度开展研究的不足，同时也为解决土地利用对湖泊湿地水环境影响的定量研究所需历史数据缺失或不足的问题提供了方法借鉴。国家级
651,707.0,nannannan
652,708.0,nannannan
653,709.0,土壤-凋落物界面微生物和酶对不同碳源氮源处理的响应已基本完成文章初稿1篇。国家级
654,710.0,“优秀学子培育中心”抽象的知识其他
655,711.0,白洋淀流域上游农村污水及处理现状调查研究论文3篇国家级
656,712.0,nannannan
657,713.0,nannannan
658,714.0,亚热带常绿阔叶林优势植物4种矿质元素的分配特征以第一作者身份发表CSCD论文一篇(DOI:10.19675/j.cnki.1006-687x.2019.03048)其他基于普莱亚影像的成都市高新区主要绿化树种分类识别暂无。其他
659,715.0,nannannan
660,716.0,河北定州北门小学儿童青少年感恩发展研究父母感恩行为和父母感恩教养目标均与儿童报告的感恩行为呈正相关；儿童报告感恩行为与儿童的学习成绩、亲社会行为、生活满意度均呈正相关；儿童报告的感恩行为存在性别差异，男生报告的平均值显著低于女生报告的平均值。省市级国家柔道队心理服务课题保密国家级
661,717.0,延安新城园林植物生长状况调查形成资政报告一份；调查报告一份，并被延安新城市政公司采用。其他延安市老城区道路绿地现状研究及改造建议 发表论文一篇，已被《林业调查规划》录用，拟于2019年第四期（或第五期）刊用。其他
662,718.0,nannannan
663,719.0,nannannan
664,720.0,nannannan
665,722.0,nannannan
666,723.0,磺胺类制药废水的快速同步检测已发表在《环境工程学报》中。其他
667,725.0,2018年校级大学生创新创业训练项目校级结项其他2019年校级大学生创新创业训练项目校级立项其他
668,726.0,nannannan
669,727.0,nannannan
670,728.0,我国物流业上市公司融资效率评价与障碍因子诊断1.发表于《沈阳大学学报》《基于改进TOPSIS模型物流业上市公司融资效率分析》论文一篇；2.发表于《知识经济》《基于因子分析法的物流业上市公司融资效率评价》论文一篇。国家级公共基础设施信息互通平台构建研究——以合肥市为例 （1）《有关合肥市公共基础设施发展现状和公共基础设施信息互通平台构建的调查报告》1份；（2）1篇三类的学术论文；（3）向安徽省合肥市相关政府部门提交一份政策意见书；（4）运营一个合肥市公共基础措施信息互通平台。国家级
671,729.0,nannannan
672,730.0,nannannan
673,731.0,海阳白黄瓜品牌建设与发展在中青网上发表新闻稿《山东学子“三下乡”调研：海阳白黄瓜品牌建设任重道远》http://sxx.youth.cn/jxqc/sjjs/201708/t20170816_10526304.htm其他
674,733.0,nannannan
675,734.0,nannannan
676,735.0,nannannan
677,736.0,nannannan
678,737.0,大创项目：“互联网+金融”共享经济模式创新研究项目期间共完成4篇学术成果： (1)区块链技术下互联网保险发展研究 (2)“互联网+共享房屋”的创新模式分析 (3)共享医疗设备的创新模式分析 (4)“互联网+相互保险”在我国的发展分析 国家级
679,738.0,nannannan
680,739.0,瓶中植物公益创业项目 荣获2018“创青春”浙大双创杯全国大学生创业大赛公益创业赛铜奖。国家级
681,740.0,肥西县森林资源现状调查分析发表论文《肥西县森林资源现状与优化措施》省市级2019年安徽省大学生GIS应用技能大赛nannan
682,741.0,天柱山茶用菊花的筛选  选育出‘黄磐石’、‘1618’、‘436’、‘黄莺’、‘天柱山一号’这五个适用于茶饮的地被菊品种。其他
683,742.0,nannannan
684,743.0,nannannan
685,744.0,机载和地基激光雷达相结合的人工林森林参数高精度提取已完成实地实验数据的采集和初步分析。省市级基于遥感技术的南京市景观破碎化格局动态分析nannan
686,745.0,nannannan
687,746.0,nannannan
688,747.0,nannannan
689,748.0,nannannan
690,749.0,nannannan
691,750.0,现代木结构建筑构件标准化设计研究一篇CSCD和两篇核心期刊其他
692,751.0,河北省现代农业产业技术体系薯类创新团队建设撰写调研报告，进行了相关分析，完成了成本收益调研问卷，并完成了调研省市级习近平总书记对河北农业大学学子回信的新时代意义共青团中央专项课题国家级河北省煤改气工程实施方案与补贴政策的相关问题研究2018年大学生创新创业训练计划省级立项，结题发表论文三篇省市级
693,752.0,基于情感化的母婴用品店家具设计研究1、刘娇nan
694,753.0,nannannan
695,754.0,3D打印木材原料制备及性能研究1、从杉木中分离得出纤维素，半纤维素和木质素2、测试了杉木及提取出纤维素及半纤维素的密度及CIE色度学体系的数值3、测试了杉木木粉和提取出的纤维素和半纤维素的导热系数、比热容和稳定性等物理性质其他
696,755.0,nannannan
697,756.0,nannannan
698,758.0,基于新媒体技术的非物质文化遗产传承平台创新设计1.设计了“非遗城”APP，将非遗跨界、多元合作交流、非遗兴趣部落等概念作为切入点，设计全新视角下的非遗多元社交平台，为非遗传承人寻找合作伙伴、非遗爱好者传播非遗文化提供途径。2.申请外观专利一项。3. 完成论文《全新视角下的多元非遗社交平台“非遗城”APP设计》。省市级航天机柜设计本人通过查阅与视觉识别、防误设计、失重环境相关的文献，结合人机工程学、设计心理学、产品语义学、图形创意学等知识，设计出便于在失重环境下使用的航天冷藏箱。设计方案最终得到对方的高度认可。从该项目中本人也体会到：设计肩负着一份社会责任。其他
699,759.0,刺槐自毒作用研究及根际土壤中自毒物质检测大创项目结题其他八种蓝莓内生真菌筛选及对不同品种蓝莓接种效应的研究无其他
700,760.0,nannannan
701,761.0,nannannan
702,762.0,nannannan
703,763.0,nannannan
704,764.0,河南省创新创业重点项目《新型多功能发电行李箱》1.论文《基于对应分析及其拓展的行李箱设计特性评价》发表于中文核心期刊《包装工程》，2019年第17期，第二作者（第一作者为指导老师）；2.《一种新型复合式行李箱》实用新型专利，国家知识产权局已受理，第1专利人。省市级高铁卫生间堵塞成因的分析及解决方案的探究调研报告省市级
705,765.0,道路改建中对道路周边商户的影响-以太原市为例良好其他
706,767.0,【发明专利】一种基于朴素贝叶斯模型的内幕交易识别法本发明的方法对股票样本是否发生内幕交易予以快速识别，为内幕交易监管提供了一种高效而又实用的 手段；随着样本的不断增加，本发明的贝叶斯识 别模型具有更高的内幕交易识别精度其他基于随机森林与朴素贝叶斯模型的内幕交易识别方法本发明建立了股票内幕交易识别模型，实现了对测试目标是否进行内幕交易的准确识别；结合拟牛顿法和遗传算法，使随机森林模型的参数快速、高精度地优化到最优解，最优解的求解对初始值的依赖性小；本发明易于实现，性能稳定，且随着样本数据增加，鲁棒性、准确性会进一步提高其他
707,768.0,”孔雀东南飞现象“再论-我国大学生人才回流影响因素完成调研报告及学术论文《“孔雀东南飞”现象再论—我国大学生人才回流意愿的空间选择及影响因素研究》一篇国家级
708,769.0,nannannan
709,770.0,太平洋岛国旅游系列丛书编撰出版《太平洋岛国旅游之波利尼西亚》、《太平洋岛国旅游之密克罗尼西亚》、《太平洋岛国旅游之美拉尼西亚》国家级
710,771.0,在省刊发表一篇论文《内蒙古乳品国际贸易现状分析》对内蒙古乳品产业发展现状及进出口情况进行分析，探讨该地区乳品贸易存在的问题，积极探索对策措施，以提高内蒙古乳品在国际贸易中的竞争力。其他
711,772.0,nannannan
712,773.0,nannannan
713,774.0,nannannan
714,775.0,黑龙江非物质文化遗产传承的问题研究（一）打造非遗品牌文化（二）推出非遗综艺节目（三）擅用网络新媒体（四）加强非遗传承激励（五）创新非遗宣传形式（六）推动非遗走进生活（七）开发非遗旅游资源国家级
715,776.0,nannannan
716,777.0,nannannan
717,778.0,基于大数据的心理育人实践活动体系研究1.参与相关教材编写；2.省级大学生创新创业项目获奖；3.获得其他课题支持。省市级新时代“以学生为中心”的思政课互动式教学法研究（未结题）其他基于健康人文的大学生心理健康全周期追踪研究（未结题）其他
718,779.0,课题参与论文发表其他
719,780.0,nannannan
720,781.0,nannannan
721,782.0,金锈菌与其寄主协同进化模式研究明确了我国金锈菌与其寄主的协同进化模式，证实了Diaphanopellis为金锈菌的异域近缘种，期中自主设计了一对针对金锈菌ITS2片段的特异性引物国家级
722,783.0,e康复—膝关节牵引治疗获得河北省第五届互联网“+”创新创业铜奖省市级
723,784.0,nannannan
724,785.0,论文 《中西方园林植物造景的差异》 已录用于《现代园艺》期刊其他北京中央党校绿地改造设计项目项目前期草图构思及CAD、PS制作其他山西沁县黑珍珠康养山庄规划设计项目参与前期构思及方案绘制其他
725,786.0,nannannan
726,787.0,《京津冀协同发展背景下北戴河区亚太生命健康产业创新我作为导师课题组成员之一，发表了一篇文章再《商情》期刊上面。省市级
727,788.0,nannannan
728,790.0,关中地区清真寺园林植物景观研究获得结题成绩为：良好研究报告一篇，主要阐述了关中地区清真寺园林植物配置方式、生态学群落指标分析、植物引种溯源与相似文化树种的替换，特殊园林植物文化内涵与宗教的关系等。绘制植物配置平面图若干。其他基于不同景观类型下的声景观感知与偏好研究实验需要经过预实验阶段与正式实验阶段。预实验已完成，调研问卷已完善，目前正式实验正在进行中，期待与各位感兴趣的老师探讨其他
729,791.0,nannannan
730,793.0,新农村建设中村庄归并问题研究一篇论文其他
731,794.0,nannannan
732,795.0,《越来越美——高校垃圾分类银行创立及运营》通过举办社会活动“垃圾分类知识进校园”等，使绿色文化在校园中真正弘扬开来，并打造品牌特色，致力于将垃圾分类习惯从大学校园传播到社会中，唤醒社会公众的垃圾分类意识，为社会带来正面影响。国家级
733,797.0,nannannan
734,799.0,nannannan
735,800.0,nannannan
736,801.0,nannannan
737,802.0,nannannan
738,803.0,nannannan
739,804.0,nannannan
740,805.0,nannannan
741,806.0,nannannan
742,807.0,nannannan
743,808.0,nannannan
744,809.0,自然教育视角下的青岛崂山东麓古村落振兴研究成功在《建筑工程技术与设计》中发表论文《自然教育视角下的青岛崂山东麓古村落振兴研究》其他浅析青岛温泉小镇的特色建构路径成功在《山西建筑》中发表论文《浅析青岛温泉小镇的特色建构路径》其他
745,810.0,山杏产品开发暂无其他
746,811.0,全国大学生物流设计大赛“马钢杯”通过对三大模块的调整、改造与升级，马钢物流的各项资源将会比原来发挥更大的作用，成本将会得到最大限度的节约，时效性将会得到最大限度的保障，领先于其他钢铁物流企业，真正实现转型成为生态智能型物流企业的目标。国家级
747,812.0,大气颗粒物中颗粒微观形貌特征及其矿物组成分析nannan裸土起尘颗粒物中铅镉化学形态与矿物赋存特性研究nannan土壤起尘颗粒物中重金属与矿物赋存特性研究nannan
748,813.0,基于问答平台的健康信息服务满意度研究在投其他基于多元线性回归模型的我国汽车消费的影响因素分析基于多元线性回归模型的我国汽车消费的影响因素分析[J].福建质量管理nan基于用户满意度的健康信息服务评价研究——以社会化问在研其他基于社会化问答平台的健康信息可信度研究在研其他
749,814.0,nannannan
750,815.0,nannannan
751,816.0,nannannan
752,817.0,故宫宫廷文化“我喜欢这宫里的世界”系列香氛设计获优秀创意奖，该系列香氛产品已于故宫宫廷文化及哈乐猫官方商城上线销售。其他创新创业项目“具有中国传统工艺的灯具（设计）”设计出一系列将木材特性或木作加工工艺合理利用到最大化并发挥出它们优势的灯具产品。其他
753,818.0,nannannan
754,819.0,nannannan
755,820.0,nannannan
756,821.0,基于用户满意度的共享经济价值创造研究-以网约车为例于中国经贸导刊杂志社以第一作者身份发表同名论文其他
757,822.0,第七届光华学院案例分析大赛文章：企业管理组-《特变电工-戈壁明珠发展之春》其他
758,823.0,nannannan
759,824.0,nannannan
760,825.0,基于生理信号的情绪识别研究一篇论文正在撰写其他
761,826.0,nannannan
762,827.0,基于改性木质素制备新型纳滤膜的研究目前已实现制备一种性能稳定的新型改性木质素纳滤膜应用于水处理，染料截留率最高可达98%。预计将于明年之前申请专利一项并发表SCI论文一篇。国家级基于ZIF-8的新型复合吸附材料及从水中吸附孔雀石绿的nannan
763,828.0,树木年轮针刺分析仪树木年轮针刺分析仪及其信号处理系统和结题论文一篇省市级
764,830.0,nannannan
765,831.0,nannannan
766,832.0,《基于公共环境食物科普动画库的设计与开发》发表论文一篇，完成常见食物科普动画库制作省市级
767,833.0,nannannan
768,834.0,nannannan
769,835.0,nannannan
770,836.0,nannannan
771,837.0,nannannan
772,838.0,nannannan
773,840.0,新媒体时代高校形象建设的问题与对策建议参加“首都师范大学挑战杯”获一等奖其他“寸草春晖”科技助老项目北京市“互联网+创新创业大赛”三等奖省市级
774,841.0,谷胱甘肽对缓解镉胁迫下绵毛水苏的缓解效应研究现在研中，于2019.09.23进行结题其他
775,842.0,nannannan
776,843.0,nannannan
777,844.0,nannannan
778,845.0,《施肥对土壤甲烷排放的影响：Meta分析》Jingyi Dongnan
779,846.0,nannannan
780,847.0,厨房小家电产品体验性的设计研究获得外观专利证书一项其他
781,848.0,nannannan
782,849.0,生物炭强化直接种间电子传递的机理研究(1)首次提出从生物炭中分离腐殖酸并将其分别作用于微生物培养体系的方法揭示其强化机理，将生物炭强化直接种间电子传递的能力与其表面的腐殖酸、自身结构性质相联系。(2)深入研究了生物炭强化 DIET 的机理，确定了生物炭中的腐殖酸与生物炭的导电性与其强化作用的联系。其他
783,850.0,竺24h智能商店获得第五届互联网+创新创业大赛省赛铜奖省市级
784,851.0,nannannan
785,852.0,大理市洱海流域可持续发展研究结题报告，论文其他西部之光规划设计竞赛完成作品《城以盛民--基于生态演替理论的南头古城规划设计》其他岭南杯景观设计竞赛完成作品《城市引力--德阳柳梢堰城市公园设计》其他互联网+创新创业比赛项目“知至数字医疗平台”完成项目书其他
786,853.0,樟树CcTPS基因克隆与表达分析无其他
787,855.0,杨树内生真菌与腐烂病病程的相关性研究无法从健康杨树或杨树的健康部位分离出杨树溃疡病病原菌，故推断杨树溃疡病病程与腐烂病病程不一致即无明显潜伏特性，接下来将进一步对腐烂病发病过程的病原菌及内生真菌种类进行研究，明确杨树腐烂病的病程其他
788,856.0,nannannan
789,858.0,nannannan
790,859.0,检控一体式生物质压缩机此项目报名了“互联网+”大学生创新创业大赛，并在校赛中取得了第七名的优异成绩。其他
791,861.0,《汉口租界区游客游憩行为偏好调查与评价研究》阶段性论文两篇国家级
792,862.0,"""精准扶贫背景下，农村会计发展趋势——以易县为例”1.“国家级”大学生创新创业训练项目“优秀奖”； 2.在《中小企业管理与科技》发表该篇论文； 3.完成两万余字的调研报告；国家级中国“互联网＋”创新创业大赛国赛1.国赛铜奖；省赛金奖国家级河北省“互联网＋”创新创业大赛国赛1.省赛铜奖省市级“改革开放40年，家庭联产承包责任制变迁”优秀调研报告、优秀团队、先进个人其他"
793,863.0,nannannan
794,864.0,基于深度学习的土壤孔隙量化分析系统发明专利1项计算机软件著作权2项算法或软件3项SCI论文1篇省市级
795,865.0,nannannan
796,866.0,nannannan
797,867.0,nannannan
798,868.0,nannannan
799,869.0,《基于北京市大学生的NEP量表修订及应用研究》结题合格省市级《北京鱼渔乐有限责任公司》结题良好其他
800,870.0,nannannan
801,871.0,nannannan
802,872.0,冷链运输保温瓦楞纸板的制备及导热性能研究设计并探索出了一种新型的适用于冷链运输的保温瓦楞纸板，实现了保温功能；其他跟随老师参加实践课题无其他
803,873.0,nannannan
804,875.0,第二届国际大学生设计竞赛三等奖省市级
805,876.0,从有园入到入好园发展公平、优质学前教育的福建经验打造公平、优质的学前教育：福建省学前教育深入发展的建议：（一）多方联动，协调发展1.战略联动，实现学前教育的协调发展2.空间联动，实现优秀师资、课程的共享3.资源联动，实现教育教学资源的共融（二）政府制定详密的计划措施，加大财政投入；扩大普惠办学；加强师资队伍省市级
806,877.0,国家级大创:国有林场改革职工获得感与影响因素研究论文一篇、结题报告一篇、项目工作手册一份、ppt一份。国家级人力资源管理如何更有效地促进员工职场绿色行为论文一：《绿色人力资源管理实践对职场绿色行为的影响》研究报告：《人力资源管理如何更有效地促进员工绿色行为—基于理论视角下的职场绿色行为研究》其他国家公园内社区居民林业绿色发展动力及行为研究暂未结题国家级集体林区林业产权强度对农户福祉的影响研究暂未结题其他
807,878.0,nannannan
808,879.0,西农纳米天然手工皂开发及推广本项目已获得第四届全国大学生生命科学创新创业大赛三等奖。其他
809,880.0,nannannan
810,881.0,养老院与孤儿院共融获得“互联网+”创新创业大赛西南林业大学三等奖其他
811,882.0,20世纪英国后殖民小说的空间想象研究（2019.06-）1.来自宗教的反抗：《权利与荣耀》中的现代性建构探析，吕鹏、张弛，《考试与评价（大学英语教研版）》，2019.06，SCD.其他“一带一路”视阈下江苏语言服务业发展现状及前景研究1.“一带一路”背景下的企业语言培训模式初探，《海外英语》，2019.07.2.传播学视角下京剧翻译传播的可行性探究，《大众文艺》，2019.06.3.“一带一路”视阈下江苏地方旅游外宣推介语言服务研究——以扬州、泰州的外宣翻译材料为例，吕鹏、杨喜刚，《英语广场》，2019.04.省市级中国企业“走出去”过程中的语境顺应研究1.文化“走出去”背景下中国纪录片解说词英译的语境顺应研究——以《舌尖上的中国》为例，吕鹏、张弛、张智豪，《英语广场》，2019.03，SCD.其他
812,883.0,汉字误读、误认字推广的创新设计研究1、误读、误认汉字推广的创意书籍2、线上微信公众平台的误读、误认汉字可视化设计3、误读、误认汉字推广的创新设计设计的海报、招贴4、就该项目成果在校内的汇报展览5、就该项目成果在校调研的视频文件省市级
813,884.0,国家级大学生创业训练计划项目《乐建乡土》成立公司，并在项目期间实际运营名称：乐建乡土（北京）科技有限公司类型：有限责任公司注册资本：100万元人民币成立日期：2016年03月31日国家级冬奥会对张家口市经济高质量发展的影响分析及对策研究获得河北省大学生“调研河北”社会调查活动省级二等奖省市级河北长期护理保险制度试点运行效果调查与完善路径研究获得河北省大学生“调研河北”社会调查活动省级特等奖省市级
814,885.0,快递纸盒纸艺创新以具有功能的纸模型为最终形态，进行一系列快递盒模板设计。其他健身器械儿童模块化设计设计了一系列针对健身器械儿童模块化的固件，配有实体模型。其他
815,886.0,nannannan
816,887.0,《高校青年教师、青年学生思想状况动态调查指标体系与《高校青年教师、青年学生思想状况动态调查指标体系与》报告国家级《高校青年师生思想状况调查》《高校青年师生思想状况调查》报告省市级《共青团基层组织建设核心问题研究》河北大学学生社团发展现状及对策研究省市级《果蔬佳有限责任公司》《果蔬佳有限责任公司》企业计划书其他《同心连锁诊所》《同心连锁诊所》计划书其他
817,888.0,nannannan
818,889.0,nannannan
819,890.0,汉字误读、误认字推广的创新设计研究1、误读、误认汉字推广的创意书籍 2、线上微信公众平台的误读、误认汉字可视化设计3、误读、误认汉字推广的创新设计设计的海报、招贴 4、就该项目成果在校内的汇报展览 5、就该项目成果在校调研的视频文件省市级
820,891.0,微胶囊型木塑相变储能材料制备与界面结构表征1、已书写结题报告1份；2、在《家具与室内装饰》杂志投稿论文1篇，已被录用，将在2019年4月刊发表；省市级
821,892.0, 基于GPS轨迹大数据的城市出租车运营效率分析论文发表在PHYSICA A (SSCI二区)其他“互联网+”新业态下的城市出租车服务利润研究大学生创新创业训练计划校级立项成功结项其他基于滴滴轨迹数据的乘客出行行为时空动态及驱动机制大学生创新创业训练计划国家级立项本科生科研基金校级立项国家级职住交通视角下区域出租车需求与社会发展的耦合协调度论文投递PHYSICA(SSCI二区)，外审状态其他
822,893.0,国有企业参与扶贫攻坚的调查研究-基于企业社会责任的1.学术论文一篇。2.创新基金项目成功结题其他成都市城镇居民消费结构分析及对策唐露.成都市城镇居民消费结构分析及对策[J].现代营销(经营版)nan
823,895.0,nannannan
824,896.0,nannannan
825,897.0,nannannan
826,898.0,现金贷对普惠金融的作用机制研究以论文的形式在《金融经济》发表。其他
827,899.0,1.世园会《花开四季》2.《善心日记》3.《琵琶》1.顺利展出。  2.获网络文化公益广告一等奖。3.获艺境杯三等奖。其他
828,900.0,水分条件与土壤肥力对栓皮栎养分回流的影响尚未结题省市级
829,901.0,nannannan
830,902.0,农业废弃物利用与产业可持续发展的联动机制研究在CSCD收录期刊《干旱区资源与环境》上发表论文一篇：李傲群nan
831,903.0,快递纸盒的纸艺创新设计大学生创新创业大赛校级评选其他折叠式饭盒设计2018年全国大学生工业设计大赛北京赛区一等奖 省市级道路植树机2019年CCMA“铁建重工”-BICES中国第五届国际工程机械及专用车辆创意设计大赛三等奖国家级同乐2018年学院路城事设计节佳作奖  省市级智慧学习未来概念APP设计2018年“智慧学习·设计教育学术周”之教育设计48H晋级赛最具应用前景银奖其他
832,904.0,nannannan
833,905.0,美国大学生数学建模竞赛学术论文国家级全国大学生数学竞赛竞赛省市级中国互联网+大赛创意期省市级全国大学生创新创业训练项目创意期省市级
834,906.0,nannannan
835,907.0,森林有氧运动对网络成瘾大学生执行功能的影响良好结题；参加校梁希杯进入复赛；参与中国社会心理学会2019年学术会议并进行口头报告国家级
836,909.0,大学生创新创业训练项目——北林博物馆文创设计项目成果主要是北林博物馆相关文创产品的设计及实物产品、线上微店和公众号等国家级
837,912.0,nannannan
838,914.0,上市公司财务状况分析项目设计报告。其他七杯茶餐饮管理有限公司业绩评价系统设计编制业绩评价设计报告，并且所设计的业绩评价系统也被本校分店所采用。其他
839,915.0,大连地区海洋祭祀文化的传承研究?在项目过程中，与小组成员共同搜集和整理相关文献资料，梳理出了大连地区海洋祭祀文化的具体传承现状和困境以及其反映出的相关文化内涵；前往旅顺龙王塘拜访了旅顺放海灯这一非物质文化遗产的第六代传承人王兆清老人和第七代传承人王家亮先生，并留有影像资料、录音资料等.其他中英文电影名翻译方法探究nannan
840,916.0,nannannan
841,917.0,“寻迹山西”旅游打卡小程序设计小程序已初步做成，大创项目已结项。省市级小额信贷应瞄准小微、聚焦三农2019年5月13日于《山西日报》独立发表文章。其他金融赋能经济，力促县域发展于8.16日在《山西日报》独立发表文章。其他
842,918.0,nannannan
843,919.0,2019年挑战杯·课外学术作品竞赛国家级三等奖（获奖结果刚刚出来，暂时无证书，可复试时提交学校提供的获奖证明）国家级2019年互联网加河南省特等奖省市级2018年互联网加河南省三等奖省市级2019年第五届全国移动互联创新大赛总决赛河南省三等奖省市级2018年全国大学生创新创业训练计划 校级立项其他香港中文大学暑期交流（公派）优秀学员其他英国保诚企业实训优秀学员其他河南大学暑期三下乡社会实践先进个人优秀项目，暑期社会实践先进个人其他
844,920.0,基于地铁与公交换乘间导向标识系统的设计创新国家级期刊论文发表 设计项目方案国家级地铁与公交换乘导向标识系统研究以北京西直门地区为论文一篇国家级
845,921.0,近期主要国家跨境电商进口税收政策调整及其影响刊登于贸易经济类核心期刊《商业经济研究》2019年第15期。国家级数字经济背景下我国税收政策及管理完善建议文章刊登于全国中文财政类核心期刊《国际税收》2019年第三期国家级
846,922.0,nannannan
847,923.0,nannannan
848,924.0,nannannan
849,925.0,nannannan
850,926.0,nannannan
851,927.0,nannannan
852,928.0,nannannan
853,929.0,nannannan
854,930.0,nannannan
855,931.0,nannannan
856,932.0,nannannan
857,933.0,nannannan
858,934.0,蔷薇科植物病原菌壳囊孢属的分类学研究已在《IMA Fungus》期刊投稿SCI一篇，题为《Cytospora species associated with canker and dieback disease of Rosaceae in China》省市级中国青海云杉上的壳囊孢属病害Cytospora piceaenannan不同类别种子的种胚耐脱水特性的比较研究以第二作者发表CSCD一篇，题为《油脂类与淀粉类种子的耐脱水特性比较》省市级
859,935.0,nannannan
860,936.0,nannannan
861,937.0,土壤-凋落物界面微生物和酶对不同碳源氮源处理的响应已基本完成文章初稿1篇。国家级
862,938.0,nannannan
863,939.0,《论中西方平面设计表现形式的差异》在《艺海》期刊2019年第5期 发表。国家级
864,940.0,nannannan
865,941.0,nannannan
866,942.0,nannannan
867,943.0,北京大学中国企业创新创业调查共访问50家企业，完访率25%国家级几种桂花精油的提取及其在新功能白酒中的应用已配制出最优条件下的桂花酒产品省市级
868,944.0,挑战杯课外学术科技作品竞赛完成1篇论文，并发表于《外文科技期刊数据库（文摘版）经济管理》2019年4月版其他学年论文：互联网企业知识型员工激励问题研究完成1篇论文，并发表于《信息周刊》2019年第30期其他
869,945.0,nannannan
870,946.0,基于游客感知的文化遗产旅游价值评价及活化研究1.基于游客体验视角的文化遗产旅游价值评价及活化研究报告2.故宫和天坛活化策略建议书其他
871,947.0,nannannan
872,948.0,雄安三县的语言景观之城市映像一篇论文国家级雄安新区水污染的联合防治机制构建92页的调研报告和41页附件省市级
873,949.0,nannannan
874,950.0,nannannan
875,951.0,对外经济贸易大学科研立项完成《财经类大学就业焦虑与跟风现象关联性分析—以对外经济贸易大学为例》，顺利结项其他
876,952.0,全国大学生创新创业大赛申请专利，国家级立项国家级
877,953.0,基于SERVQUAL和SQ模型的生鲜农产品冷链物流服务质量现已完成中期审查报告。国家级小蘑菇，大产业——特色食用菌产业助力精准扶贫参与第四届“互联网+”大学生创新创业大赛，作品《小蘑菇，大产业——特色食用菌产业助力精准扶贫》获得国家级铜奖。国家级民生保障”战略背景下青岛市旅游保险发展机遇与挑战探参与“中国大学生保险责任行暑期社会调查竞赛”并撰写了《“民生保障”战略背景下青岛市旅游保险发展机遇与挑战探究》调研报告，获得国家级二等奖。国家级
878,954.0,土壤-掉落物界面微生物和酶对不同碳源氮源处理的响应已基本完成文章初稿1篇国家级
879,955.0,nannannan
880,956.0,nannannan
881,957.0,高温专用服装优化分析运用微分方程，多元回归等方法，在约束条件下得到最优服装厚度。国家级
882,958.0,nannannan
883,959.0,nannannan
884,960.0,nannannan
885,961.0,nannannan
886,962.0,nannannan
887,963.0,nannannan
888,964.0,nannannan
889,965.0,nannannan
890,966.0,nannannan
891,967.0,nannannan
892,968.0,nannannan
893,971.0,nannannan
894,972.0,基于温榆河水质污染特征对水生植物及其组合的水质净化项目正在进行其他
895,973.0,几种新优彩叶树种的繁殖与应用研究经过前期资料收集的准备阶段，进行扦插繁殖与播种繁殖，获得苗木规模化生产的最佳方案，为苗木生产及推广应用提供技术基础。同时通过实地勘探与植物景观评价体系的构建，对彩叶树种群落的景观进行评价和应用设计，最终实现对彩叶树种的推广应用。省市级
896,974.0,农村土地产权对农户基本社会保障与收入的影响结题合格，完成论文《农村土地产权对农民基本社会保障与收入的影响——以北京市为例》一篇国家级林业碳汇交易对森林价值实现的影响项目正在有条不紊开展中其他土地承包经营权流转对农民林业经营效率的影响研究项目正在有条不紊开展中省市级
897,975.0,nannannan
898,976.0,基于Mapping的北京老城社区绿色微更新途径研究校级立项，正在进行，尚未结题省市级
899,977.0,蝴蝶兰花瓣蜡质形成的生理基础和相关基因的克隆正在试验，尚未结题，结论暂无省市级
900,978.0,nannannan
901,979.0,nannannan
902,980.0,nannannan
903,981.0,nannannan
904,982.0,nannannan
905,983.0,nannannan
906,984.0,蔷薇属植物叶片结构对黑斑病抗病性影响实验报告（暂未结题）国家级
907,985.0,nannannan
908,986.0,nannannan
909,987.0,nannannan
910,988.0,三种香水月季花香代谢关键基因的探究预计明年三月结题，发表论文一篇省市级
911,989.0,nannannan
912,990.0,nannannan
913,991.0,nannannan
914,992.0,nannannan
915,993.0,nannannan
916,994.0,nannannan
917,995.0,nannannan
918,996.0,nannannan
919,997.0,nannannan
920,998.0,nannannan
921,999.0,nannannan
922,1000.0,nannannan
923,1001.0,nannannan
924,1002.0,nannannan
925,1003.0,nannannan
926,1004.0,nannannan
927,1005.0,nannannan
928,1006.0,nannannan
929,1007.0,nannannan
930,1008.0,nannannan
931,1009.0,nannannan
932,1010.0,nannannan
933,1011.0,nannannan
934,1012.0,nannannan
935,1013.0,nannannan
936,1014.0,nannannan
937,1015.0,nannannan
938,1016.0,nannannan
939,1017.0,大学生创新训练项目（1）完成基于 Arduino 的智能交互灯具设计的模型的设计与制作；（2）创新课题结题报告 1 份；3）申请一项专利省市级中国科学技术大学设计创新联合项目安徽大学互联网+大赛优秀奖，盲人导盲设备的实体模型其他
940,1018.0,《静宁县政策性农业保险实施中存在的问题及对策研究》发表论文《静宁县政策性农业保险实施影响因素研究》其他甘肃农业大学管理学院人文素养工程科研助理暂未结项其他
941,1019.0,nannannan
942,1020.0,弹性景观视角下对城市历史河道复育的研究——以北京万绘制万泉河地区调研图及现状分析图；辑录实践记录、实践访谈录，撰写社会调研总结报告一份；建立微信公众号等新媒体宣传平台；制作宣传展板、海报及明信片等；开展交流会，展示项目研究成果其他
943,1021.0,农户对天然林停伐生态补偿的认知与受偿意愿分析结合调研数据得出应建议加强宣传政策、提高补偿标准、完善林地不动产证的发放、促进林业贷款、发展碳汇林、放宽林地流转条件、扩大天然林林下资源经营权限，弥补农户放弃经营天然林的机会成本，以期提高农户经营林地的积极性，提高政府提供的补偿与林农需求之间的匹配程度。国家级
944,1022.0,“社会网络”视角下的古村落保护研究—以灵水村为例nannan
945,1023.0,历史街区居民空间认知与行为关系的探讨--南锣鼓巷为例研究论文1篇；认知图册1本；居民信息数据库1个；居民认知及行为路径空间数据库1个；《小视角大南锣》社区认知画册1份；南锣鼓巷十年变迁对比明信片10份；北京绿廊2020成果展板1板；纪录视频剪辑1份；四名汇智“名城保护的智力众筹”主题公益故宫展览证书其他
946,1024.0,nannannan
947,1025.0,乡村振兴背景下新型农村合作金融发展的现实障碍与破解未结题国家级
948,1026.0,区域昆虫科普新方法——以北京林业大学校内昆虫为例线上科普网站 北京林业大学昆虫识别手册 国家级
949,1027.0,nannannan
950,1028.0,《自媒体对旅游景区的营销效应及提升策略研究—以抖音2019.08年完成论文《网红目的地怎么红？——基于旅游目的地抖音短视频营销的蜂窝模型构建》，在投，一作；nan
951,1029.0,土壤真菌群落对连栽尾叶桉人工林的响应获得2019年全国桉树产业发展暨学术研讨会会议论文二等奖国家级
952,1031.0,nannannan
953,1033.0,nannannan
954,1034.0,市民化进程中的新生代农民工职业选择研究项目进行中国家级
955,1035.0,基于“行为mapping”的北京历史街区更新意向调研项目论文一篇；课题报告一本；图纸一套；访谈录四组；项目成果图集、明信片若干；影视资料两套。其他轮椅上的乡愁活动成果总结册一份；图纸一套；访谈录；影视资料一组。其他南锣鼓巷建筑附属社会信息对其保护更新状态的影响分析实践论文、报告；实践成果图集、明信片若干、微信公众号推送；影视资料。其他
956,1036.0,nannannan
957,1037.0,nannannan
958,1038.0,尾叶紫薇病毒诱导基因沉默(VIGS)研究nannan
959,1039.0,nannannan
960,1040.0,nannannan
961,1042.0,nannannan
962,1043.0,“第四届全国大学生能源经济学术创意大赛”研究成果本研究报告在“第四届全国大学生能源经济学术创意大赛”中荣获“团队三等奖”省市级北京市大学生科学研究与创业行动计划项目在北方工业大学2018北京市大学生科学研究与创业行动计划项目评比中荣获二等奖其他
963,1044.0,nannannan
964,1045.0,nannannan
965,1046.0,导致中国蓝莓枝枯病的Macrophomina vaccinii的研究nannan针叶树葡萄座腔菌科真菌种类鉴定初步鉴定得色二孢属（Diplodia）菌株25份。其他东北大小兴安岭菌物资源调查数据汇总共得菌株502份，共计26科46属，其中数量最多的为茎点霉属（Phoma）nan
966,1047.0,nannannan
967,1048.0,nannannan
968,1049.0,nannannan
969,1050.0,nannannan
970,1051.0,微胶囊型木塑相变储能材料制备与界面结构表征《木塑相变储能材料及其在家具与内装中的应用前景》省市级饱水木质文物脱水定型加固技术与机理研究无其他
971,1052.0,香水月季染色体核型分析与孢粉学研究得到12份材料的倍性与花粉电镜图省市级
972,1053.0,nannannan
973,1054.0,国有林场改革后生态公益性林场该如何发展？无省市级A4210知行合一实践团手册、视频、问卷省市级在线评论对销量研究-基于层面的情感分析方法暂无省市级
974,1055.0,nannannan
975,1057.0,湖南省财政厅委托项目“精 准扶贫与农村发展研究”结合影响因素的内在关系，依次分析了影响因素变量及相互之间的因果循环回路，只有理顺和解决好各森林康养产业内部要素的关系，才能发现产业发展的内在动力， 提出森林康养产业发展的路径。省市级共享经济视角下社区闲置资源共享平台的构建设定初步落实计划，找到了落实中存在的问题以及解决方案。为构建可持续发展的现代社区、解决社区闲置资源问题提供了新的思路。省市级
976,1058.0,nannannan
977,1059.0,nannannan
978,1060.0,nannannan
979,1061.0,树木年轮针刺分析仪1.	结题论文一篇2.	信号处理系统算法3.	结题报告一份省市级
980,1062.0,nannannan
981,1063.0,nannannan
982,1064.0,nannannan
983,1065.0,nannannan
984,1066.0,《山西省社区支持农业发展模式研究》申报大学生创新创业训练计划项目，省级立项。省市级《基于ASEB方法的第六产业供应链双元性研究》申报大学生创新创业训练计划项目，省级立项。省市级《乡村振兴产业兴旺新业态：国际经验与山西实践》山西省第十六届“兴晋挑战杯”大学生课外学术科技作品竞赛特等奖省市级
985,1067.0,nannannan
986,1068.0,nannannan
987,1069.0,nannannan
988,1070.0,英国卡迪夫低碳建筑项目最佳创意奖其他秋季学期社会实践校优秀社会实践成果二等奖其他荧光导电物丝网印刷项目能够印制出荧光导电的丝网印刷作品其他田地艺术中心海报设计制作出了三种不同规格的海报，获得好评其他装置作品《无题》完成作品其他
989,1072.0,利用思维导图提升大学生阅读思辨能力的研究未结项省市级
990,1073.0,nannannan
991,1074.0,nannannan
992,1075.0,nannannan
993,1076.0,木韧工作室2.0自主设计产品十余款，售卖获取一定利润。国家级
994,1077.0,天津文化产业发展战略研究、当代大学生信用管理案例库流动资产对并购溢价的影响呈倒U型，固定资产对并购溢价的影响是负相关， 而无形资产则呈现正相关。省市级
995,1078.0,nannannan
996,1079.0,nannannan
997,1080.0,nannannan
998,1081.0,nannannan
999,1082.0,nannannan
1000,1083.0,大学生创新创业训练计划项目首次将心流问卷引入到冲动购买领域；通过模型检验发现感觉寻求和自我控制在心流和冲动购买间的链式中介效应；基于“认知 心境 行为”的理论阐释了大学生冲动购买的心理机制。其他
1001,1084.0,nannannan
1002,1085.0,国家级大学生创新创业训练项目发表两篇论文国家级发表论文《生态公益林保险产品定价研究——以北京市为例》其他论文发表《山西省生态公益林保险运营模式适用性分析》其他
1003,1086.0,太阳能净水机创青春大赛辽宁省二等奖省市级
1004,1087.0,nannannan
1005,1088.0,nannannan
1006,1089.0,基于绿地生态系统服务的城市居民生态福祉提升路径研究1.得出绿地不同功能对居民需求的影响程度2.完成项目结题报告，总结报告、汇报PPT3.撰写学术论文一篇国家级
1007,1090.0,nannannan
1008,1091.0,高校游园绿地中文化和景观的融合设计研究在《山东林业科技》发表论文一篇省市级苏州古典园林小中见大手法应用调查分析 结题论文一篇其他
1009,1092.0,nannannan
1010,1093.0,nannannan
1011,1094.0,nannannan
1012,1095.0,含柔性植被明渠水流紊动特性与输沙特性研究科技论文一篇国家级
1013,1096.0,nannannan
1014,1097.0,几种矮生型地被植物对砂质土壤理化性的影响暂无其他
1015,1098.0,nannannan
1016,1099.0,nannannan
1017,1100.0,《基于ARMA模型对北京市GDP的预测与分析》未发表其他
1018,1101.0,nannannan
1019,1102.0,nannannan
1020,1103.0,nannannan
1021,1104.0,《林业电子商务规划研究》科研项目初步问卷调查报告、初步访谈分析报告国家级多源异构信息资源的科学前沿探测方法研究暂无省市级
1022,1105.0,自由回忆下中西方思维中的词汇学习对比——基于贝叶斯nannan
1023,1107.0,nannannan
1024,1108.0,消费者对绿色农产品认知度调查——以大学生为例   结题报告一篇其他
1025,1109.0,nannannan
1026,1110.0,nannannan
1027,1111.0,基于可见光视频和热成像图像的鸟类检测及身体状态分析软件著作权一个论文一篇将在《电子技术与软件工程》上发表国家级
1028,1112.0,轨道交通站点周边步行友好环境特征及影响因素研究项目参展北京国际设计周国家级书途”童“归——北京市中小学生放学路径及行为调查全国社会学调查竞赛三等奖国家级
1029,1113.0,nannannan
1030,1114.0,影响家鸽定向和导航的潜在基因的筛选本项目按期完成了预期目标，以良好结题省市级
1031,1115.0,nannannan
1032,1116.0,nannannan
1033,1117.0,面向竞赛和教学的北林在线评测系统的改进与优化软件著作权省市级兵棋推演人机博弈不完全信息决策研究，兵棋AI的开局算法研究，利用蒙特卡罗算法，UCT、UBT、极大极小搜索等展开博弈树，利用遗传算法、蚁群算法、模拟退火算法进行启发式算法研究。其他
1034,1118.0,nannannan
1035,1119.0,nannannan
1036,1120.0,城市历史文化保护区的空间使用研究 科研论文形式，目前仍未进行结题答辩。国家级
1037,1121.0,nannannan
1038,1122.0,nannannan
1039,1123.0,nannannan
1040,1124.0,nannannan
1041,1125.0,弹性思维与视角下城市森林及绿化建设分析、评价与展望预期发表SCI期刊英文论文一篇，目前论文撰写中。其他基于盲人需求的植物景观因子分析预期发表高级别期刊论文，目前论文撰写中。其他国家精准扶贫工作成效四川省第三方评估重大任务形成了报告并向上提交至国务院扶贫开发领导小组办公室。其他地震灾后重建景观规划设计研究2019年7月以第一作者发表于SCD期刊《艺术科技》论文一篇，第32卷第09期其他从新繁东湖看四川的园林艺术2019年7月以第一作者发表于SCD期刊《艺术科技》论文一篇，第32卷第07期。其他成都清朝末期园林空间意象浅析2019年6月以第一作者发表于SCD期刊《大众文艺》论文一篇，第462期。其他宋代成都园林研究—以东园和西园为例2019年6月以第一作者发表于SCD期刊《大众文艺》论文一篇，第461期。其他弹性城市视角下的景观设计研究—以金华燕尾洲公园为例2019年6月以第一作者发表于SCD期刊《艺术科技》论文一篇，第32卷第06期。其他基于无人机遥感的银杏树木株数及其树冠覆盖率估算2019年5月以第一作者发表于SCD期刊《艺术科技》论文一篇，第32卷第05期。其他
1042,1126.0,nannannan
1043,1128.0,日本千叶大学短期研修/其他日常生活视角下传统村落公共空间评价 云南阿者科为例nannan江西省林业科学院园林规划设计研究所实习/其他“赣韵古寻”——石塘古镇开发调研根据实地调查，了解当地概况，对其旅游资源进行分析评价研究。过访问了解石塘古镇的管理模式，完成古镇管理机制的调查报告，并提出可行性建议，反馈给政府部门。对古镇民居保护与旅游利用的冲突现状进行调查，为解决古镇保护与开发冲突从城市规划与管理引导上提出设计方案。其他
1044,1129.0,nannannan
1045,1130.0,nannannan
1046,1132.0,nannannan
1047,1133.0,nannannan
1048,1134.0,nannannan
1049,1135.0,nannannan
1050,1136.0,两种常绿野生杜鹃组织培养研究国家发明专利： 一种山光杜鹃种子组培快繁方法学术论文：《四种野生杜鹃属植物无菌播种研究》省市级
1051,1137.0,大学生创新创业项目以第二作者身份撰写《葬甲虫与其它食腐动物在不同时间段对小型鸟类尸体竞争情况分析》，投稿于野生动物学报，目前处于返修阶段其他机场鸟撞飞机分析及鸟种调研项目完成《机场驱鸟建议书》，现已被采纳，并被中国民用航空网报道。其他全国青年科普创新实验暨作业大赛完成细菌画小王子的旅行国家级钠离子通道投稿于基因组学与应用生物学 杂志，已录用 其他驯鹿生物多样性研究投稿于黑龙江畜牧兽医 杂志，已录用 其他
1052,1138.0,基于鸟体形态指标法的大型涉禽湿地栖息水位函数库构建得到部分大型涉禽函数比例关系。国家级
1053,1139.0,nannannan
1054,1140.0,nannannan
1055,1141.0,nannannan
1056,1142.0,《蓝狐β-防御素1基因（vBD1）的真核表达及其抑菌活性（1）获得蓝狐雄性生殖器官β-防御素重组真核细胞（2）获得蓝狐雄性生殖器官β-防御素纯化蛋白（3）核心期刊发表研究论文1篇（4）结题报告1份国家级
1057,1144.0,nannannan
1058,1145.0,nannannan
1059,1147.0,室内生态绿墙适宜植物筛选研究2019.6于南方农业发表《室内环境下五种绿墙植物的生长表现及叶绿素含量分析》 2019.9于河北农业科学发表《适宜室内绿墙应用的观叶植物筛选》省市级“迷你园林”设计与营建实战创新研究举办“迷你园林”比赛，获得评委和嘉宾们的一致好评其他物候观测每年上报当年数据省市级
1060,1148.0,nannannan
1061,1149.0,几种新优彩叶树种的繁殖与应用研究得出了最适于选取的彩叶树种扦插繁殖的生长剂浓度和基质类型，以及播种繁殖前的最佳处理方法。设计出以彩叶树为主要观赏点的群落。对扦插繁殖实验进行了论文的发表省市级
1062,1150.0,nannannan
1063,1151.0,期刊论文作为第二作者在《电子技术与软件工程》杂志2019年8月下刊登论文《三维可视化系统应用研究》。国家级发表期刊论文作为第四作者 参与撰写了《互联网时代的人力资源管理的发展研究》一文，刊登于《企业改革与管理》杂志2019年9-12月刊。国家级
1064,1152.0,三种景天的无性繁殖及小区域应用2018.08 论文《不同基质和扦插处理对 4 种景天扦插生根的影响》发表于《贵州农业科学》国家级
1065,1153.0,nannannan
1066,1154.0,《推进湖北科技与经济深度融合发展研究》提出了给湖北省经济与科技融合发展转型的建议和一些可供参考的例子。省市级
1067,1155.0,nannannan
1068,1156.0,nannannan
1069,1157.0,nannannan
1070,1158.0,新浪微博品牌虚拟社区顾客契合对价值共创影响机制研究1.《新浪微博品牌虚拟社区顾客契合对价值共创影响机制研究——基于顾客心理授权的中介作用》实证论文1篇。2.已完成项目结题报告一篇。3.新浪微博用户调研报告。其他
1071,1159.0,辽河流域生态系统现状及防止思路探析论文省市级辽宁师范大学学生生活区小气候差异探析实验报告其他
1072,1160.0,城市历史景观眺望系统研究——以北京中轴线为例论文，参展北京国际设计周省市级北京中轴线眺望实践团校级优秀团队，优秀成果奖其他东四计划实践团设计方案一套其他诸葛村意象实践团校级优秀团队/优秀成果其他
1073,1161.0,nannannan
1074,1162.0,nannannan
1075,1163.0,nannannan
1076,1164.0,论文成功发表论文国家级论文2成功发表二作论文国家级
1077,1165.0,大学生校内活动对职业选择倾向的影响研究无其他
1078,1166.0,nannannan
1079,1167.0,nannannan
1080,1169.0,北京城区喜鹊与灰喜鹊冬季食物构成结题省市级
1081,1170.0,基于单片机的盲人友好体验乐器及其移动端应用获得北京第十届“挑战杯”大学生课外学术科技大赛三等奖省市级小学生字典检索方式的研究与再设计（国家级）完成论文“基于宜人学的《新华字典》音序索引法痛点探究“并通过核心期刊审核国家级虫生-儿童昆虫科普教育服务系统设计获北京市“互联网+”大学生创新创业大赛（北京市赛区）三等奖省市级
1082,1171.0,nannannan
1083,1172.0,nannannan
1084,1173.0,nannannan
1085,1174.0,《城市公共服务质量评价研究的主成分和聚类分析》国家级大学生创新创业计划 优秀结题国家级《第一书记在乡村发展动力系统的作用研究》挑战杯省银奖省市级《机器学习实现鸢尾花图像的识别与分类》nannan《关系租金视角：校地共建双创园何以成功？》省级大学生创新创业计划 优秀立项省市级
1086,1175.0,核桃果实产量与品质对测土配方施肥的响应完成结题报告一份其他四川审（认）定核桃良种植株生长与开花座果特性比较研科研兴趣小组结题报告一份其他
1087,1176.0,nannannan
1088,1177.0,nannannan
1089,1178.0,nannannan
1090,1179.0,nannannan
1091,1180.0,nannannan
1092,10000.0,创伤如何影响一个人的自控能力——损耗敏感做中介英文论文一篇其他
1093,10001.0,省部级大学生创新创业项目 河北坝上典型植被类型土壤一篇论文再投省市级生物土壤结皮对沙生植物种子萌发出苗的影响项目优秀结题其他
1094,10002.0,nannannan
